study_ID,short_cite,long_cite,peer_reviewed,coder,expt_num,response_mode,dependent_measure,native_lang,infant_type,infant_type2,group_name_1,n_1,mean_age_1,same_infant,x_1,x_2,SD_1,t,F,d,d_var,age_range_1,age_range_2,n_excluded_1,gender_1,num_trials,object_stimulus,N_AFC,mean_comprehension_vocab,mean_production_vocab,ME_trial_type,lab_group,data_source,expt_condition,exposure_phase,method,participant_design,group_name_2,n_2,mean_age_2,SD_2,r,corr,n_excluded_2,gender_2,N_Langs,d_notes
allen2010,Allen & Scofield (2010),"Allen, R., & Scofield, J. (2010). Word learning form videos: More evidence from 2-year-olds. Infant and Child Development, 19, 649-661.",yes,Molly Lewis,2,behavior,target_selection,NA,typical,typical,experimental,32,1004.417,6,0.76,0.5,NA,6.25,NA,NA,NA,NA,NA,NA,NA,4,digital,N_AFC-2,NA,NA,NN,scofield,paper,experimental,test_only,FC,within_one,NA,NA,NA,NA,NA,NA,NA,NA,NA,NA
bedford2013,Beford et al (2013),"Bedford, R., Gliga, T., Frame, K., Hudry, K., Chandler, S., Johnson, M. H., ... & BASIS TEAM. (2013). Failure to learn from feedback underlies word learning difficulties in toddlers at risk for autism. Journal of Child Language, 40(1), 29-46.",yes,Molly Lewis,1,behavior,target_selection,NA,NT,ASD,ASD- high risk,31,748.7471,7,NA,NA,NA,3.88,NA,NA,NA,NA,NA,NA,NA,4,objects,N_AFC-3,335.2,NA,FN,charman,paper,experimental,test_only,FC,within_one,NA,NA,NA,NA,NA,NA,NA,NA,NA,NA
bedford2013,Beford et al (2013),"Bedford, R., Gliga, T., Frame, K., Hudry, K., Chandler, S., Johnson, M. H., ... & BASIS TEAM. (2013). Failure to learn from feedback underlies word learning difficulties in toddlers at risk for autism. Journal of Child Language, 40(1), 29-46.",yes,Molly Lewis,1,behavior,target_selection,NA,typical,typical,typical,31,739.6161,8,NA,NA,NA,3.41,NA,NA,NA,NA,NA,NA,NA,4,objects,N_AFC-3,449,NA,FN,charman,paper,experimental,test_only,FC,within_one,NA,NA,NA,NA,NA,NA,NA,NA,NA,NA
beverly2003,Beverly & Estis (2003),"Beverly, B. L; Estis, J. M. Journal of Speech-Language Pathology and Audiology.Vol. 27, Iss. 3, (October 2003): 163-171.",yes,Molly Lewis,1,behavior,target_selection,NA,NT,SLI,experimental,5,1765.339,9,0.65,0.5,0.058,NA,NA,NA,NA,NA,NA,NA,NA,10,objects,N_AFC-2,NA,NA,FN,estis,paper,experimental,test_only,FC,within_one,NA,NA,NA,NA,NA,NA,NA,NA,NA,NA
beverly2003,Beverly & Estis (2003),"Beverly, B. L; Estis, J. M. Journal of Speech-Language Pathology and Audiology.Vol. 27, Iss. 3, (October 2003): 163-171.",yes,Molly Lewis,1,behavior,target_selection,NA,typical,typical,experimental,5,1795.776,10,0.95,0.5,0.1,NA,NA,NA,NA,NA,NA,NA,NA,10,objects,N_AFC-2,NA,NA,FN,estis,paper,experimental,test_only,FC,within_one,NA,NA,NA,NA,NA,NA,NA,NA,NA,NA
beverly2003,Beverly & Estis (2003),"Beverly, B. L; Estis, J. M. Journal of Speech-Language Pathology and Audiology.Vol. 27, Iss. 3, (October 2003): 163-171.",yes,Molly Lewis,1,behavior,target_selection,NA,typical,typical,experimental,5,1217.475,11,0.9,0.5,0.082,NA,NA,NA,NA,NA,NA,NA,NA,10,objects,N_AFC-2,NA,NA,FN,estis,paper,experimental,test_only,FC,within_one,NA,NA,NA,NA,NA,NA,NA,NA,NA,NA
bion2013,"Bion, Borovsky, & Fernald (2013)","Bion, R. A., Borovsky, A., & Fernald, A. (2013). Fast mapping, slow learning: Disambiguation of novel wordäóñobject mappings in relation to vocabulary learning at 18, 24, and 30months. Cognition, 126(1), 39-53.",yes,"Molly Lewis, Michael Frank",2,eye-tracking,target_selection,American English,typical,typical,experimental,20,912.6,12,0.68,0.5,0.14,5.9,NA,1.319280107,0.12175625,30.42,NA,5,NA,8,digital,N_AFC-2,NA,534,FN,fernald,paper,experimental,test_only,FC,within_one,NA,NA,NA,NA,NA,NA,NA,NA,NA,NA
bion2013,"Bion, Borovsky, & Fernald (2013)","Bion, R. A., Borovsky, A., & Fernald, A. (2013). Fast mapping, slow learning: Disambiguation of novel wordäóñobject mappings in relation to vocabulary learning at 18, 24, and 30months. Cognition, 126(1), 39-53.",yes,"Molly Lewis, Michael Frank",2,eye-tracking,target_selection,American English,typical,typical,experimental,22,547.56,13,0.52,0.5,0.14,0.59,NA,0.125788423,0.091088895,15.21,NA,10,NA,8,digital,N_AFC-2,NA,NA,FN,fernald,paper,experimental,test_only,FC,within_one,NA,NA,NA,NA,NA,NA,NA,NA,NA,NA
bion2013,"Bion, Borovsky, & Fernald (2013)","Bion, R. A., Borovsky, A., & Fernald, A. (2013). Fast mapping, slow learning: Disambiguation of novel wordäóñobject mappings in relation to vocabulary learning at 18, 24, and 30months. Cognition, 126(1), 39-53.",yes,"Molly Lewis, Michael Frank",2,eye-tracking,target_selection,American English,typical,typical,experimental,25,730.08,14,0.65,0.5,0.13,5.34,NA,1.068,0.09140624,45.63,NA,8,NA,8,digital,N_AFC-2,NA,NA,FN,fernald,paper,experimental,test_only,FC,within_one,NA,NA,NA,NA,NA,NA,NA,NA,NA,NA
byers2009,Byers-Heinlein & Werker (2009),"ByersäóHeinlein, K., & Werker, J. F. (2009). Monolingual, bilingual, trilingual: infants' language experience influences the development of a wordäólearning heuristic. Developmental science, 12(5), 815-823.",yes,Molly Lewis,1,eye-tracking,looking_time_change,Canadian English - others,multilingual,bilingual,experimental,16,517.42696,82,0.08,0,0.19,1.69,NA,NA,NA,NA,NA,NA,NA,6,digital,N_AFC-2,156,35,FN,byers-heinlein,paper,experimental,test_only,FC,within_one,NA,NA,NA,NA,NA,NA,NA,NA,NA,proportion increased looking to target above baseline
byers2009,Byers-Heinlein & Werker (2009),"ByersäóHeinlein, K., & Werker, J. F. (2009). Monolingual, bilingual, trilingual: infants' language experience influences the development of a wordäólearning heuristic. Developmental science, 12(5), 815-823.",yes,Molly Lewis,1,eye-tracking,looking_time_change,Canadian English - others,multilingual,trilingual,experimental,16,547.86384,83,-0.03,0,0.24,-0.56,NA,NA,NA,NA,NA,NA,NA,6,digital,N_AFC-2,202,75,FN,byers-heinlein,paper,experimental,test_only,FC,within_one,NA,NA,NA,NA,NA,NA,NA,NA,NA,proportion increased looking to target above baseline
byers2009,Byers-Heinlein & Werker (2009),"ByersäóHeinlein, K., & Werker, J. F. (2009). Monolingual, bilingual, trilingual: infants' language experience influences the development of a wordäólearning heuristic. Developmental science, 12(5), 815-823.",yes,"Molly Lewis, Michael Frank",1,eye-tracking,looking_time_change,Canadian English,typical,typical,experimental,16,545.48,84,0.12,0,0.18,2.63,NA,0.66,0.13180625,12.168,NA,NA,NA,6,digital,N_AFC-2,260,76,FN,byers-heinlein,paper,experimental,test_only,FC,within_one,NA,NA,NA,NA,NA,NA,NA,NA,NA,proportion increased looking to target above baseline
byers2013,Byers-Heinlein & Werker (2013),"Byers-Heinlein, K., & Werker, J. F. (2013). Lexicon structure and the disambiguation of novel words: Evidence from bilingual infants. Cognition, 128(3), 407-416.",yes,Molly Lewis,1,eye-tracking,looking_time_change,Canadian English - Chinese,multilingual,bilingual,experimental,20,517.42696,85,0.06,0,0.3,0.89,NA,0.2,NA,NA,NA,NA,NA,12,digital,N_AFC-2,NA,61,FN,byers-heinlein,paper,experimental,test_only,FC,within_one,NA,NA,NA,NA,NA,NA,NA,NA,NA,proportion increased looking to target above baseline
choi2014,Choi & Hwang (2014),"Choi, I. & Hwang, M. (2014). Korean Late-Talkersäó» Use of the Mutual Exclusivity Assumption on First versus Second Label Learning. Commun Sci Disord. 19(3), 24-35. DOI: https://doi.org/10.12963/csd.14170",yes,Alvaro Iturralde,1,behavior,target_selection,Korean,NT,late_talkers,late talkers,14,858,15,0.714,0.5,0.13,NA,NA,NA,NA,335,NA,NA,NA,5,paper,N_AFC-2,NA,NA,FN,hwang,paper,experimental,test_only,FC,within_one,NA,NA,NA,NA,NA,NA,NA,NA,NA,NA
choi2014,Choi & Hwang (2014),"Choi, I. & Hwang, M. (2014). Korean Late-Talkersäó» Use of the Mutual Exclusivity Assumption on First versus Second Label Learning. Commun Sci Disord. 19(3), 24-35. DOI: https://doi.org/10.12963/csd.14171",yes,Alvaro Iturralde,1,behavior,target_selection,Korean,typical,typical,typical,15,819,16,0.76,0.5,0.136,NA,NA,NA,NA,335,NA,NA,NA,5,paper,N_AFC-2,NA,NA,FN,hwang,paper,experimental,test_only,FC,within_one,NA,NA,NA,NA,NA,NA,NA,NA,NA,NA
davidson1997,Davidson et al (1997),"Davidson, D., Jergovic, D., Imami, Z., & Theodos, V. (1997). Monolingual and bilingual children's use of the mutual exclusivity constraint. Journal of child language, 24(1), 3-24.",yes,Molly Lewis,1,behavior,target_selection,English - Greek,multilingual,bilingual,experimental,16,1497.49425,17,0.6,0.5,NA,1.46,NA,NA,NA,NA,NA,NA,NA,6,objects,N_AFC-2,NA,NA,FN,theodos,paper,experimental,test_only,FC,within_one,NA,NA,NA,NA,NA,NA,NA,NA,NA,NA
davidson1997,Davidson et al (1997),"Davidson, D., Jergovic, D., Imami, Z., & Theodos, V. (1997). Monolingual and bilingual children's use of the mutual exclusivity constraint. Journal of child language, 24(1), 3-24.",yes,Molly Lewis,1,behavior,target_selection,English - Urdu,multilingual,bilingual,experimental,16,1497.49425,98,0.65,0.5,0.2739726,NA,NA,NA,NA,NA,NA,NA,NA,6,objects,N_AFC-2,NA,NA,FN,theodos,paper - some calculations,experimental,test_only,FC,within_one,NA,NA,NA,NA,NA,NA,NA,NA,NA,SD imputed based on 3-4 greek bilinguals (from t)
davidson1997,Davidson et al (1997),"Davidson, D., Jergovic, D., Imami, Z., & Theodos, V. (1997). Monolingual and bilingual children's use of the mutual exclusivity constraint. Journal of child language, 24(1), 3-24.",yes,Molly Lewis,1,behavior,target_selection,English - Greek,multilingual,bilingual,experimental,16,2264.5035,99,0.71,0.5,0.2739726,NA,NA,NA,NA,NA,NA,NA,NA,6,objects,N_AFC-2,NA,NA,FN,theodos,paper - some calculations,experimental,test_only,FC,within_one,NA,NA,NA,NA,NA,NA,NA,NA,NA,SD imputed based on 3-4 greek bilinguals (from t)
davidson1997,Davidson et al (1997),"Davidson, D., Jergovic, D., Imami, Z., & Theodos, V. (1997). Monolingual and bilingual children's use of the mutual exclusivity constraint. Journal of child language, 24(1), 3-24.",yes,Molly Lewis,1,behavior,target_selection,English - Urdu,multilingual,bilingual,experimental,16,2264.5035,100,0.67,0.5,0.2739726,NA,NA,NA,NA,NA,NA,NA,NA,6,objects,N_AFC-2,NA,NA,FN,theodos,paper - some calculations,experimental,test_only,FC,within_one,NA,NA,NA,NA,NA,NA,NA,NA,NA,NA
davidson1997,Davidson et al (1997),"Davidson, D., Jergovic, D., Imami, Z., & Theodos, V. (1997). Monolingual and bilingual children's use of the mutual exclusivity constraint. Journal of child language, 24(1), 3-24.",yes,Molly Lewis,1,behavior,target_selection,English,typical,typical,monolingual-young,16,1497.49425,111,0.69,0.5,0.2739726,NA,NA,NA,NA,NA,NA,NA,NA,6,objects,N_AFC-2,NA,NA,FN,theodos,paper - some calculations,experimental,test_only,FC,within_one,NA,NA,NA,NA,NA,NA,NA,NA,NA,SD imputed based on 3-4 greek bilinguals (from t)
davidson1997,Davidson et al (1997),"Davidson, D., Jergovic, D., Imami, Z., & Theodos, V. (1997). Monolingual and bilingual children's use of the mutual exclusivity constraint. Journal of child language, 24(1), 3-24.",yes,Molly Lewis,1,behavior,target_selection,English,typical,typical,monolingual-old,16,2264.5035,112,0.92,0.5,0.2739726,NA,NA,NA,NA,NA,NA,NA,NA,6,objects,N_AFC-2,NA,NA,FN,theodos,paper - some calculations,experimental,test_only,FC,within_one,NA,NA,NA,NA,NA,NA,NA,NA,NA,SD imputed based on 3-4 greek bilinguals (from t)
deak2001,"Deak, Yen, & Pettit (2001)","Deak, G. O., Yen, L., & Pettit, J. (2001). By any other name: when will preschoolers produce several labels for a referent?. Journal of Child Language, 28(3), 787-804.",yes,Molly Lewis,1,behavior,target_selection,NA,typical,typical,3yo,20,1308.786,18,0.8,0.5,0.1833333,NA,NA,NA,NA,NA,NA,NA,NA,6,objects,N_AFC-2,NA,NA,FN,deak,paper,experimental,test_only,FC,within_one,NA,NA,NA,NA,NA,NA,NA,NA,NA,NA
deak2001,"Deak, Yen, & Pettit (2001)","Deak, G. O., Yen, L., & Pettit, J. (2001). By any other name: when will preschoolers produce several labels for a referent?. Journal of Child Language, 28(3), 787-804.",yes,Molly Lewis,1,behavior,target_selection,NA,typical,typical,4yo,20,1643.591,19,0.8833333,0.5,0.2,NA,NA,NA,NA,NA,NA,NA,NA,6,objects,N_AFC-2,NA,NA,FN,deak,paper,experimental,test_only,FC,within_one,NA,NA,NA,NA,NA,NA,NA,NA,NA,NA
demarchena2011,de Marchena et al (2011),"de Marchena, A., Eigsti, I. M., Worek, A., Ono, K. E., & Snedeker, J. (2011). Mutual exclusivity in autism spectrum disorders: Testing the pragmatic hypothesis. Cognition, 119(1), 96-113.",yes,Molly Lewis,1,behavior,target_selection,English,NT,ASD,ASD- high-functioning,42,3926.35752,20,0.86,0.5,NA,31.7,NA,NA,NA,NA,NA,NA,NA,12,objects,N_AFC-2,NA,NA,NN,snedeker,paper,experimental,test_only,FC,within_one,NA,NA,NA,NA,NA,NA,NA,NA,NA,NA
demarchena2011,de Marchena et al (2011),"de Marchena, A., Eigsti, I. M., Worek, A., Ono, K. E., & Snedeker, J. (2011). Mutual exclusivity in autism spectrum disorders: Testing the pragmatic hypothesis. Cognition, 119(1), 96-113.",yes,Molly Lewis,1,behavior,target_selection,English,typical,typical,experimental,40,3835.04688,21,0.87,0.5,NA,23.22,NA,NA,NA,NA,NA,NA,NA,12,objects,N_AFC-2,NA,NA,NN,snedeker,paper,experimental,test_only,FC,within_one,NA,NA,NA,NA,NA,NA,NA,NA,NA,NA
diesendruck2001,Diesendruck & Markson (2001),"Diesendruck, G., & Markson, L. (2001). Children's avoidance of lexical overlap: A pragmatic account. Developmental psychology, 37(5), 630-641.",yes,Molly Lewis,1,behavior,target_selection,English,typical,typical,experimental,16,1278.34896,22,0.82,0.5,0.17,NA,NA,NA,NA,NA,NA,NA,NA,6,objects,N_AFC-2,NA,NA,NN,diesendruck,paper,experimental,test_only,FC,within_one,NA,NA,NA,NA,NA,NA,NA,NA,NA,NA
diesendruck2001,Diesendruck & Markson (2001),"Diesendruck, G., & Markson, L. (2001). Children's avoidance of lexical overlap: A pragmatic account. Developmental psychology, 37(5), 630-641.",yes,Molly Lewis,2,behavior,target_selection,English,typical,typical,experimental,16,1369.6596,23,0.78,0.5,0.22,5.38,NA,NA,NA,NA,NA,NA,NA,6,objects,N_AFC-2,NA,NA,NN,diesendruck,paper,experimental,test_only,FC,within_one,NA,NA,NA,NA,NA,NA,NA,NA,NA,NA
estis2015,Estis & Beverly (2015),"Estis, J. M., & Beverly, B. L. (2015). Children with SLI exhibit delays resolving ambiguous reference. Journal of child language, 42(1), 180-195.",yes,Molly Lewis,1,behavior,target_selection,NA,NT,SLI,experimental,8,1552.281,24,0.56,0.5,0.26,NA,NA,NA,NA,NA,NA,NA,NA,10,objects,N_AFC-2,NA,NA,FN,estis,paper,experimental,test_only,FC,within_one,NA,NA,NA,NA,NA,NA,NA,NA,NA,NA
estis2015,Estis & Beverly (2015),"Estis, J. M., & Beverly, B. L. (2015). Children with SLI exhibit delays resolving ambiguous reference. Journal of child language, 42(1), 180-195.",yes,Molly Lewis,1,behavior,target_selection,NA,NT,SLI,experimental,8,2617.571,25,0.96,0.5,0.07,NA,NA,NA,NA,NA,NA,NA,NA,10,objects,N_AFC-2,NA,NA,FN,estis,paper,experimental,test_only,FC,within_one,NA,NA,NA,NA,NA,NA,NA,NA,NA,NA
estis2015,Estis & Beverly (2015),"Estis, J. M., & Beverly, B. L. (2015). Children with SLI exhibit delays resolving ambiguous reference. Journal of child language, 42(1), 180-195.",yes,Molly Lewis,1,behavior,target_selection,NA,typical,typical,experimental,8,1521.844,26,0.86,0.5,0.12,NA,NA,NA,NA,NA,NA,NA,NA,10,objects,N_AFC-2,NA,NA,FN,estis,paper,experimental,test_only,FC,within_one,NA,NA,NA,NA,NA,NA,NA,NA,NA,NA
estis2015,Estis & Beverly (2015),"Estis, J. M., & Beverly, B. L. (2015). Children with SLI exhibit delays resolving ambiguous reference. Journal of child language, 42(1), 180-195.",yes,Molly Lewis,1,behavior,target_selection,NA,typical,typical,experimental,8,2617.571,27,0.95,0.5,0.11,NA,NA,NA,NA,NA,NA,NA,NA,10,objects,N_AFC-2,NA,NA,FN,estis,paper,experimental,test_only,FC,within_one,NA,NA,NA,NA,NA,NA,NA,NA,NA,NA
evey1998,Evey & Merriman (1998),"Evey, J. A., & Merriman, W. E. (1998). The prevalence and the weakness of an early name mapping preference. Journal of child language, 25(1), 121-147.",yes,"Molly Lewis, Michael Frank",1,behavior,target_selection,American English,typical,typical,experimental,12,760.5,evey1998_1,0.66,0.5,0.22,NA,NA,0.727272727,0.17768595,91.26,NA,0.5,0.475,4,paper,N_AFC-2,367,NA,FN,merriman,paper,experimental,test_only,FC,within_one,NA,NA,NA,NA,NA,NA,NA,NA,NA,NA
evey1998,Evey & Merriman (1998),"Evey, J. A., & Merriman, W. E. (1998). The prevalence and the weakness of an early name mapping preference. Journal of child language, 25(1), 121-147.",yes,"Molly Lewis, Michael Frank",1,behavior,target_selection,American English,typical,typical,experimental,12,760.5,evey1998_1,0.81,0.5,0.21,NA,NA,1.476190476,0.212065382,91.26,NA,0.5,0.475,4,paper,N_AFC-2,367,NA,FN,merriman,paper,experimental,test_only,FC,within_one,NA,NA,NA,NA,NA,NA,NA,NA,NA,NA
evey1998,Evey & Merriman (1998),"Evey, J. A., & Merriman, W. E. (1998). The prevalence and the weakness of an early name mapping preference. Journal of child language, 25(1), 121-147.",yes,"Molly Lewis, Michael Frank",3,behavior,target_selection,American English,typical,typical,experimental,12,760.5,evey1998_1,0.88,0.5,0.25,NA,NA,1.52,0.2148,91.26,NA,0.75,0.5,4,paper,N_AFC-2,357,NA,FN,merriman,paper,experimental,test_only,FC,within_one,NA,NA,NA,NA,NA,NA,NA,NA,NA,NA
evey1998,Evey & Merriman (1998),"Evey, J. A., & Merriman, W. E. (1998). The prevalence and the weakness of an early name mapping preference. Journal of child language, 25(1), 121-147.",yes,"Molly Lewis, Michael Frank",1,behavior,target_selection,American English,typical,typical,experimental,8,760.5,evey1998_3,0.83,0.5,0.19,NA,NA,1.736842105,0.344269391,91.26,NA,0.5,0.475,4,paper,N_AFC-2,367,NA,FN,merriman,paper,experimental,test_only,FC,within_one,NA,NA,NA,NA,NA,NA,NA,NA,NA,NA
evey1998,Evey & Merriman (1998),"Evey, J. A., & Merriman, W. E. (1998). The prevalence and the weakness of an early name mapping preference. Journal of child language, 25(1), 121-147.",yes,"Molly Lewis, Michael Frank",3,behavior,target_selection,American English,typical,typical,experimental,12,760.5,evey1998_1,0.84,0.5,0.18,NA,NA,1.888888889,0.240997942,91.26,NA,0.75,0.5,4,paper,N_AFC-2,357,NA,FN,merriman,paper,experimental,test_only,FC,within_one,NA,NA,NA,NA,NA,NA,NA,NA,NA,NA
evey1998,Evey & Merriman (1998),"Evey, J. A., & Merriman, W. E. (1998). The prevalence and the weakness of an early name mapping preference. Journal of child language, 25(1), 121-147.",yes,"Molly Lewis, Michael Frank",1,behavior,target_selection,American English,typical,typical,experimental,8,760.5,evey1998_3,0.9,0.5,0.2,NA,NA,2,0.375,91.26,NA,0.5,0.475,4,paper,N_AFC-2,367,NA,FN,merriman,paper,experimental,test_only,FC,within_one,NA,NA,NA,NA,NA,NA,NA,NA,NA,NA
frank1999,Frank (1999),"Frank, I (1999). The use of word-learning principles in young monolingual and bilingual children. Doctoral dissertation. Concordia University, Montreal, Quebec, Canada.",no,Molly Lewis,1,behavior,target_selection,English/French,multilingual,bilingual,bilingual-young,26,823.3175,1,0.5,0.25,0.375,NA,NA,NA,NA,NA,NA,NA,NA,2,objects,N_AFC-4,NA,NA,FN,franki,paper,experimental,test_only,FC,within_one,NA,NA,NA,NA,NA,NA,NA,NA,NA,dissertation
frank1999,Frank (1999),"Frank, I (1999). The use of word-learning principles in young monolingual and bilingual children. Doctoral dissertation. Concordia University, Montreal, Quebec, Canada.",no,Molly Lewis,1,behavior,target_selection,English/French,multilingual,bilingual,bilingual-old,28,1074.422,2,0.555,0.25,0.375,NA,NA,NA,NA,NA,NA,NA,NA,2,objects,N_AFC-4,NA,NA,FN,franki,paper,experimental,test_only,FC,within_one,NA,NA,NA,NA,NA,NA,NA,NA,NA,dissertation
frank1999,Frank (1999),"Frank, I (1999). The use of word-learning principles in young monolingual and bilingual children. Doctoral dissertation. Concordia University, Montreal, Quebec, Canada.",no,Molly Lewis,1,behavior,target_selection,English/French,typical,typical,mono-young,29,837.6228,3,0.43,0.25,0.345,NA,NA,NA,NA,NA,NA,NA,NA,2,objects,N_AFC-4,NA,NA,FN,franki,paper,experimental,test_only,FC,within_one,NA,NA,NA,NA,NA,NA,NA,NA,NA,dissertation
frank1999,Frank (1999),"Frank, I (1999). The use of word-learning principles in young monolingual and bilingual children. Doctoral dissertation. Concordia University, Montreal, Quebec, Canada.",no,Molly Lewis,1,behavior,target_selection,English/French,typical,typical,mono-old,31,1084.161,4,0.595,0.25,0.395,NA,NA,NA,NA,NA,NA,NA,NA,2,objects,N_AFC-4,NA,NA,FN,franki,paper,experimental,test_only,FC,within_one,NA,NA,NA,NA,NA,NA,NA,NA,NA,dissertation
frank2016,Frank et al. (2016),"Frank, M. C., Sugarman, E., Horowitz, A., Lewis, M. L., & Yurovsky, D. (2016). Using tablets to collect data from young children. Journal of Cognition and Development,17(1), 1-17.",yes,"Molly Lewis, Michael Frank",1,behavior,target_selection,American English,typical,typical,experimental,15,591.705,28,0.52,0.5,0.23,NA,NA,0.086956522,0.133459357,NA,NA,NA,NA,8,digital,N_AFC-2,NA,NA,FN,framkm,paper,experimental,test_only,FC,within_one,NA,NA,NA,NA,NA,NA,NA,NA,NA,NA
frank2016,Frank et al. (2016),"Frank, M. C., Sugarman, E., Horowitz, A., Lewis, M. L., & Yurovsky, D. (2016). Using tablets to collect data from young children. Journal of Cognition and Development,17(1), 1-17.",yes,"Molly Lewis, Michael Frank",1,behavior,target_selection,American English,typical,typical,experimental,18,624.5775,29,0.54,0.5,0.29,NA,NA,0.137931034,0.111375347,NA,NA,NA,NA,8,paper,N_AFC-2,NA,NA,FN,framkm,paper,experimental,test_only,FC,within_one,NA,NA,NA,NA,NA,NA,NA,NA,NA,NA
frank2016,Frank et al. (2016),"Frank, M. C., Sugarman, E., Horowitz, A., Lewis, M. L., & Yurovsky, D. (2016). Using tablets to collect data from young children. Journal of Cognition and Development,17(1), 1-17.",yes,"Molly Lewis, Michael Frank",1,eye-tracking,target_selection,American English,typical,typical,experimental,17,522.3075,30,0.52,0.5,0.13,NA,NA,0.153846154,0.117995127,NA,NA,NA,NA,8,digital,N_AFC-2,NA,NA,FN,framkm,paper,experimental,test_only,FC,within_one,NA,NA,NA,NA,NA,NA,NA,NA,NA,NA
frank2016,Frank et al. (2016),"Frank, M. C., Sugarman, E., Horowitz, A., Lewis, M. L., & Yurovsky, D. (2016). Using tablets to collect data from young children. Journal of Cognition and Development,17(1), 1-17.",yes,"Molly Lewis, Michael Frank",1,eye-tracking,target_selection,American English,typical,typical,experimental,19,905.82,31,0.58,0.5,0.18,NA,NA,0.444444444,0.107862248,NA,NA,NA,NA,8,digital,N_AFC-2,NA,NA,FN,framkm,paper,experimental,test_only,FC,within_one,NA,NA,NA,NA,NA,NA,NA,NA,NA,NA
frank2016,Frank et al. (2016),"Frank, M. C., Sugarman, E., Horowitz, A., Lewis, M. L., & Yurovsky, D. (2016). Using tablets to collect data from young children. Journal of Cognition and Development,17(1), 1-17.",yes,"Molly Lewis, Michael Frank",1,behavior,target_selection,American English,typical,typical,experimental,22,898.515,32,0.72,0.5,0.19,NA,NA,1.157894737,0.106144548,NA,NA,NA,NA,8,paper,N_AFC-2,NA,NA,FN,framkm,paper,experimental,test_only,FC,within_one,NA,NA,NA,NA,NA,NA,NA,NA,NA,NA
frank2016,Frank et al. (2016),"Frank, M. C., Sugarman, E., Horowitz, A., Lewis, M. L., & Yurovsky, D. (2016). Using tablets to collect data from young children. Journal of Cognition and Development,17(1), 1-17.",yes,"Molly Lewis, Michael Frank",1,eye-tracking,target_selection,American English,typical,typical,experimental,17,1296.6375,33,0.7,0.5,0.12,NA,NA,1.666666667,0.158496732,NA,NA,NA,NA,8,digital,N_AFC-2,NA,NA,FN,framkm,paper,experimental,test_only,FC,within_one,NA,NA,NA,NA,NA,NA,NA,NA,NA,NA
frank2016,Frank et al. (2016),"Frank, M. C., Sugarman, E., Horowitz, A., Lewis, M. L., & Yurovsky, D. (2016). Using tablets to collect data from young children. Journal of Cognition and Development,17(1), 1-17.",yes,"Molly Lewis, Michael Frank",1,eye-tracking,target_selection,American English,typical,typical,experimental,16,1650.93,34,0.69,0.5,0.11,NA,NA,1.727272727,0.171616736,NA,NA,NA,NA,8,digital,N_AFC-2,NA,NA,FN,framkm,paper,experimental,test_only,FC,within_one,NA,NA,NA,NA,NA,NA,NA,NA,NA,NA
frank2016,Frank et al. (2016),"Frank, M. C., Sugarman, E., Horowitz, A., Lewis, M. L., & Yurovsky, D. (2016). Using tablets to collect data from young children. Journal of Cognition and Development,17(1), 1-17.",yes,"Molly Lewis, Michael Frank",1,behavior,target_selection,American English,typical,typical,experimental,19,909.4725,35,0.89,0.5,0.15,NA,NA,2.6,0.194210526,NA,NA,NA,NA,8,digital,N_AFC-2,NA,NA,FN,framkm,paper,experimental,test_only,FC,within_one,NA,NA,NA,NA,NA,NA,NA,NA,NA,NA
frank2016,Frank et al. (2016),"Frank, M. C., Sugarman, E., Horowitz, A., Lewis, M. L., & Yurovsky, D. (2016). Using tablets to collect data from young children. Journal of Cognition and Development,17(1), 1-17.",yes,"Molly Lewis, Michael Frank",1,behavior,target_selection,American English,typical,typical,experimental,22,1647.2775,36,0.94,0.5,0.11,NA,NA,4,0.272727273,NA,NA,NA,NA,8,paper,N_AFC-2,NA,NA,FN,framkm,paper,experimental,test_only,FC,within_one,NA,NA,NA,NA,NA,NA,NA,NA,NA,NA
frank2016,Frank et al. (2016),"Frank, M. C., Sugarman, E., Horowitz, A., Lewis, M. L., & Yurovsky, D. (2016). Using tablets to collect data from young children. Journal of Cognition and Development,17(1), 1-17.",yes,"Molly Lewis, Michael Frank",1,behavior,target_selection,American English,typical,typical,experimental,24,1300.29,37,0.93,0.5,0.09,NA,NA,4.777777778,0.321116255,NA,NA,NA,NA,8,paper,N_AFC-2,NA,NA,FN,framkm,paper,experimental,test_only,FC,within_one,NA,NA,NA,NA,NA,NA,NA,NA,NA,NA
frank2016,Frank et al. (2016),"Frank, M. C., Sugarman, E., Horowitz, A., Lewis, M. L., & Yurovsky, D. (2016). Using tablets to collect data from young children. Journal of Cognition and Development,17(1), 1-17.",yes,"Molly Lewis, Michael Frank",1,behavior,target_selection,American English,typical,typical,experimental,19,1271.07,38,0.96,0.5,0.08,NA,NA,5.75,0.540296053,NA,NA,NA,NA,8,digital,N_AFC-2,NA,NA,FN,framkm,paper,experimental,test_only,FC,within_one,NA,NA,NA,NA,NA,NA,NA,NA,NA,NA
frank2016,Frank et al. (2016),"Frank, M. C., Sugarman, E., Horowitz, A., Lewis, M. L., & Yurovsky, D. (2016). Using tablets to collect data from young children. Journal of Cognition and Development,17(1), 1-17.",yes,"Molly Lewis, Michael Frank",1,behavior,target_selection,American English,typical,typical,experimental,20,1636.32,39,0.97,0.5,0.06,NA,NA,7.833333333,0.867013889,NA,NA,NA,NA,8,digital,N_AFC-2,NA,NA,FN,framkm,paper,experimental,test_only,FC,within_one,NA,NA,NA,NA,NA,NA,NA,NA,NA,NA
gollek2016,Gollek & Doherty (2016),"Gollek, C.& Doherty, M.J. (2016). Metacognitive developments in word learning: Mutual exclusivity and theory of mind. Journal of Experimental Child Psychology. 148, 51-69.",yes,Alvaro Iturralde,2a,behavior,target_selection,British English,typical,typical,disambiguation - younger,21,1126,40,NA,NA,NA,16.41,NA,7.34,NA,335,NA,NA,0.5,5,objects,N_AFC-2,NA,NA,FN,gollek,paper,experimental,test_only,FC,within_one,NA,NA,NA,NA,NA,NA,NA,NA,NA,NA
gollek2016,Gollek & Doherty (2016),"Gollek, C.& Doherty, M.J. (2016). Metacognitive developments in word learning: Mutual exclusivity and theory of mind. Journal of Experimental Child Psychology. 148, 51-69.",yes,Alvaro Iturralde,2a,behavior,target_selection,British English,typical,typical,disambiguation - older,22,1461,41,NA,NA,NA,26.14,NA,11.41,NA,645,NA,NA,0.5,5,objects,N_AFC-2,NA,NA,FN,gollek,paper,experimental,test_only,FC,within_one,NA,NA,NA,NA,NA,NA,NA,NA,NA,NA
gollek2016,Gollek & Doherty (2016),"Gollek, C.& Doherty, M.J. (2016). Metacognitive developments in word learning: Mutual exclusivity and theory of mind. Journal of Experimental Child Psychology. 148, 51-69.",yes,Alvaro Iturralde,3,behavior,target_selection,German,typical,typical,disambiguation - younger,15,1278.349,42,0.986,0.5,0.052,NA,NA,NA,NA,NA,NA,NA,NA,5,objects,N_AFC-2,NA,NA,FN,gollek,paper,experimental,test_only,FC,within_one,NA,NA,NA,NA,NA,NA,NA,NA,NA,NA
gollek2016,Gollek & Doherty (2016),"Gollek, C.& Doherty, M.J. (2016). Metacognitive developments in word learning: Mutual exclusivity and theory of mind. Journal of Experimental Child Psychology. 148, 51-69.",yes,Alvaro Iturralde,3,behavior,target_selection,German,typical,typical,disambiguation - older,13,1674.028,43,0.876,0.5,0.252,NA,NA,NA,NA,NA,NA,NA,NA,5,objects,N_AFC-2,NA,NA,FN,gollek,paper,experimental,test_only,FC,within_one,NA,NA,NA,NA,NA,NA,NA,NA,NA,NA
graham1998,Graham et al. (1998),"Graham, S. A., Poulin-Dubois, D., & Baker, R. K. (1998). Infants' disambiguation of novel object words. First Language, 18(53), 149-164.",yes,"Molly Lewis, Michael Frank",1,behavior,target_selection,Canadian English,typical,typical,experimental,30,596.3196,44,0.51,0.33,0.22,4.44,NA,0.810629385,0.072142667,201.3804,NA,NA,NA,6,objects,N_AFC-3,NA,149,FN,graham,paper,experimental,test_only,FC,within_one,NA,NA,NA,NA,NA,NA,NA,NA,NA,NA
graham2010,Graham et al. (2009),"Graham, S. A., Nilsen, E. S., Collins, S., & Olineck, K. (2010). The role of gaze direction and mutual exclusivity in guiding 24äómonthäóolds' word mappings.British Journal of Developmental Psychology, 28(2), 449-465.",yes,"Molly Lewis, Michael Frank",1,behavior,target_selection,Canadian English,typical,typical,experimental - B (no gaze),21,776.7492,45,0.54,0.33,0.22,NA,NA,0.954545455,0.106085203,NA,NA,NA,0.476190476,6,objects,N_AFC-3,NA,NA,FN,graham,paper,experimental,test_only,FC,within_one,NA,NA,NA,NA,NA,NA,NA,NA,NA,NA
graham2010,Graham et al. (2009),"Graham, S. A., Nilsen, E. S., Collins, S., & Olineck, K. (2010). The role of gaze direction and mutual exclusivity in guiding 24äómonthäóolds' word mappings.British Journal of Developmental Psychology, 28(2), 449-465.",yes,"Molly Lewis, Michael Frank",1,behavior,target_selection,Canadian English,typical,typical,experimental - A (no gaze),22,712.83,46,0.61,0.33,0.25,NA,NA,1.12,0.105163636,NA,NA,NA,0.428571429,6,objects,N_AFC-3,NA,NA,FN,graham,figure,experimental,test_only,FC,within_one,NA,NA,NA,NA,NA,NA,NA,NA,NA,NA
graham2010,Graham et al. (2009),"Graham, S. A., Nilsen, E. S., Collins, S., & Olineck, K. (2010). The role of gaze direction and mutual exclusivity in guiding 24äómonthäóolds' word mappings.British Journal of Developmental Psychology, 28(2), 449-465.",yes,"Molly Lewis, Michael Frank",1,behavior,target_selection,Canadian English,typical,typical,experimental - A (consistent),22,736.2681,47,0.89,0.33,0.18,NA,NA,NA,NA,NA,NA,NA,NA,6,objects,N_AFC-3,NA,NA,FN,graham,figure,experimental,test_only,FC,within_one,NA,NA,NA,NA,NA,NA,NA,NA,NA,NA
grassmann2010,Grassmann & Tomasello (2010),"Grassmann, S., & Tomasello, M. (2010). Young children follow pointing over words in interpreting acts of reference. Developmental Science, 13(1), 252-263.",yes,"Molly Lewis, Michael Frank",1,behavior,target_selection,German Germany,typical,typical,experimental,12,730.08,48,0.76,0.5,0.17,NA,NA,1.529411765,0.215397924,30.42,NA,4.666666667,NA,4,objects,N_AFC-2,NA,NA,FN,tomasello,figure,experimental,test_only,FC,within_one,NA,NA,NA,NA,NA,NA,NA,NA,NA,NA
grassmann2010,Grassmann & Tomasello (2010),"Grassmann, S., & Tomasello, M. (2010). Young children follow pointing over words in interpreting acts of reference. Developmental Science, 13(1), 252-263.",yes,"Molly Lewis, Michael Frank",1,behavior,target_selection,German Germany,typical,typical,experimental,12,1460.16,49,0.81,0.5,0.18,NA,NA,1.722222222,0.228459362,121.68,NA,4.666666667,NA,4,objects,N_AFC-2,NA,NA,FN,tomasello,paper,experimental,test_only,FC,within_one,NA,NA,NA,NA,NA,NA,NA,NA,NA,NA
grassmann2015,Grassmann et al. (2015),"Grassmann, S., Schulze, C. and Tomasello, M. (2015). Childrenäó»s level of word knowledge predicts their exclusion of familiar objects as referents of novel words. Front.Psychol.6:1200.doi:10.3389/fpsyg.2015.01200.",yes,Alvaro Iturralde,1,behavior,target_selection,German Germany,typical,typical,experimental,22,1161,50,0.714,0.5,0.235,4.267,NA,1.862,NA,116,NA,NA,0.5,12,paper,N_AFC-2,NA,NA,FN,tomasello,paper,experimental,test_only,FC,within_one,NA,NA,NA,NA,NA,NA,NA,NA,NA,NA
grassmann2015,Grassmann et al. (2015),"Grassmann, S., Schulze, C. and Tomasello, M. (2015). Childrenäó»s level of word knowledge predicts their exclusion of familiar objects as referents of novel words. Front.Psychol.6:1200.doi:10.3389/fpsyg.2015.01200.",yes,Alvaro Iturralde,1,behavior,target_selection,German Germany,typical,typical,experimental,21,1644,51,0.759,0.5,0.272,4.367,NA,1.953,NA,117,NA,NA,0.428,12,paper,N_AFC-2,NA,NA,FN,tomasello,paper,experimental,test_only,FC,within_one,NA,NA,NA,NA,NA,NA,NA,NA,NA,NA
grassmann2015,Grassmann et al. (2015),"Grassmann, S., Schulze, C. and Tomasello, M. (2015). Childrenäó»s level of word knowledge predicts their exclusion of familiar objects as referents of novel words. Front.Psychol.6:1200.doi:10.3389/fpsyg.2015.01200.",yes,Alvaro Iturralde,1,behavior,target_selection,German Germany,typical,typical,experimental,23,790,52,0.682,0.5,0.188,4.653,NA,1.984,NA,116,NA,NA,0.478,12,paper,N_AFC-2,NA,NA,FN,tomasello,paper,experimental,test_only,FC,within_one,NA,NA,NA,NA,NA,NA,NA,NA,NA,NA
halberda2003,Halberda (2003),"Halberda, J. (2003). The development of a word-learning strategy. Cognition,87(1), B23-B34.",yes,"Molly Lewis, Michael Frank",1,eye-tracking,looking_time_change,American English,typical,typical,experimental,11,445.16,86,NA,NA,NA,-3.14,NA,-0.946745622,0.202189256,30.42,NA,NA,NA,12,digital,N_AFC-2,NA,NA,FN,halberda,paper,experimental,test_only,FC,within_one,NA,NA,NA,NA,NA,NA,NA,NA,NA,proportion increased looking to target above baseline
halberda2003,Halberda (2003),"Halberda, J. (2003). The development of a word-learning strategy. Cognition,87(1), B23-B34.",yes,"Molly Lewis, Michael Frank",1,eye-tracking,looking_time_change,American English,typical,typical,experimental,10,485.6,87,NA,NA,NA,-0.69,NA,-0.218197159,0.20119025,30.42,NA,NA,NA,12,digital,N_AFC-2,NA,NA,FN,halberda,paper,experimental,test_only,FC,within_one,NA,NA,NA,NA,NA,NA,NA,NA,NA,proportion increased looking to target above baseline
halberda2003,Halberda (2003),"Halberda, J. (2003). The development of a word-learning strategy. Cognition,87(1), B23-B34.",yes,"Molly Lewis, Michael Frank",1,eye-tracking,looking_time_change,American English,typical,typical,experimental,16,516.04,88,NA,NA,NA,2.14,NA,0.535,0.129472266,38.025,NA,NA,NA,12,digital,N_AFC-2,NA,NA,FN,halberda,paper,experimental,test_only,FC,within_one,NA,NA,NA,NA,NA,NA,NA,NA,NA,proportion increased looking to target above baseline
halberda2006,Halberda (2006),"Halberda, J. (2006). Is this a dax which I see before me? Use of the logical argument disjunctive syllogism supports word-learning in children and adults.Cognitive psychology, 53(4), 310-344.",yes,"Molly Lewis, Michael Frank",3,eye-tracking,looking_time_change,American English,typical,typical,experimental,10,1339.36,89,NA,NA,NA,4.62,NA,1.460972279,0.253361,456.3,NA,NA,NA,12,digital,N_AFC-2,NA,NA,FN,halberda,paper,experimental,test_only,FC,within_one,NA,NA,NA,NA,NA,NA,NA,NA,NA,proportion increased looking to target above baseline
horst2008,Horst & Samuelson (2008),"Horst, J. S., & Samuelson, L. K. (2008). Fast mapping but poor retention by 24-month-old infants. Infancy, 13(2), 128-157.",yes,"Molly Lewis, Michael Frank",1,behavior,target_selection,American English,typical,typical,experimental - 1A,16,752.56,53,NA,NA,NA,NA,NA,1.86,0.17905625,30.42,NA,2,0.5,8,objects,N_AFC-3,NA,310.5,FN,horst,paper,experimental,test_only,FC,within_one,NA,NA,NA,NA,NA,NA,NA,NA,NA,NA
horst2008,Horst & Samuelson (2008),"Horst, J. S., & Samuelson, L. K. (2008). Fast mapping but poor retention by 24-month-old infants. Infancy, 13(2), 128-157.",yes,"Molly Lewis, Michael Frank",2,behavior,target_selection,American English,typical,typical,"experimental - 2, followin",16,744.56,54,0.7,0.33,0.2,NA,NA,1.85,0.178476563,60.84,NA,NA,NA,8,objects,N_AFC-3,NA,324.09,FN,horst,figure,experimental,test_only,FC,within_one,NA,NA,NA,NA,NA,NA,NA,NA,NA,NA
horst2008,Horst & Samuelson (2008),"Horst, J. S., & Samuelson, L. K. (2008). Fast mapping but poor retention by 24-month-old infants. Infancy, 13(2), 128-157.",yes,"Molly Lewis, Michael Frank",2,behavior,target_selection,American English,typical,typical,"experimental - 2, ostensive",16,744.56,55,0.64,0.33,0.15,NA,NA,2.066666667,0.191736111,60.84,NA,NA,NA,8,objects,N_AFC-3,NA,324.09,FN,horst,figure,experimental,test_only,FC,within_one,NA,NA,NA,NA,NA,NA,NA,NA,NA,NA
horst2008,Horst & Samuelson (2008),"Horst, J. S., & Samuelson, L. K. (2008). Fast mapping but poor retention by 24-month-old infants. Infancy, 13(2), 128-157.",yes,Molly Lewis,1,behavior,target_selection,American English,typical,typical,experimental - 1B,32,746.4851,94,0.6875,0.33,0.47,NA,NA,NA,NA,NA,NA,NA,NA,1,objects,N_AFC-3,NA,301.9,FN,horst,paper,experimental,test_only,FC,within_one,NA,NA,NA,NA,NA,NA,NA,NA,NA,sd calculated from raw data (from paper - only 1 trial)
horst2008,Horst & Samuelson (2008),"Horst, J. S., & Samuelson, L. K. (2008). Fast mapping but poor retention by 24-month-old infants. Infancy, 13(2), 128-157.",yes,Molly Lewis,1,behavior,target_selection,American English,typical,typical,experimental - 1C,20,748.4851,95,0.6,0.33,0.5,NA,NA,NA,NA,NA,NA,NA,NA,1,objects,N_AFC-3,NA,319.6,FN,horst,paper,experimental,test_only,FC,within_one,NA,NA,NA,NA,NA,NA,NA,NA,NA,sd calculated from raw data (from paper - only 1 trial)
horst2010,Horst et al. (2010),"Horst, J. S., Scott, E. J., & Pollard, J. A. (2010). The role of competition in word learning via referent selection. Developmental Science, 13(5), 706-713.",yes,Molly Lewis,1,behavior,target_selection,NA,typical,typical,4 competitors,12,908.6694,56,0.873817,0.2,0.2076275,NA,NA,NA,NA,NA,NA,NA,NA,4,objects,N_AFC-5,NA,443,FN,horst,figure,experimental,test_only,FC,within_one,NA,NA,NA,NA,NA,NA,NA,NA,NA,NA
horst2010,Horst et al. (2010),"Horst, J. S., Scott, E. J., & Pollard, J. A. (2010). The role of competition in word learning via referent selection. Developmental Science, 13(5), 706-713.",yes,Molly Lewis,1,behavior,target_selection,NA,typical,typical,2 competitors,12,933.1063,57,0.9179811,0.33,0.1748442,NA,NA,NA,NA,NA,NA,NA,NA,4,objects,N_AFC-3,NA,458.33,FN,horst,paper,experimental,test_only,FC,within_one,NA,NA,NA,NA,NA,NA,NA,NA,NA,NA
horst2010,Horst et al. (2010),"Horst, J. S., Scott, E. J., & Pollard, J. A. (2010). The role of competition in word learning via referent selection. Developmental Science, 13(5), 706-713.",yes,Molly Lewis,1,behavior,target_selection,NA,typical,typical,3 competitors,12,913.1063,58,0.7255521,0.25,0.2076275,NA,NA,NA,NA,NA,NA,NA,NA,4,objects,N_AFC-4,NA,505.42,FN,horst,figure,experimental,test_only,FC,within_one,NA,NA,NA,NA,NA,NA,NA,NA,NA,NA
houstonprice2010,"HoustonäóPrice, C., Caloghiris, Z., & Raviglione, E. (2010)","HoustonäóPrice, C., Caloghiris, Z., & Raviglione, E. (2010). Language experience shapes the development of the mutual exclusivity bias. Infancy, 15(2), 125-150.",yes,Molly Lewis,1,eye-tracking,looking_time_change,mixed-bilingual,multilingual,bilingual,bilingual,20,620.9122,104,-0.01075085,0,0.02534,NA,NA,NA,NA,NA,NA,NA,NA,6,digital,N_AFC-2,NA,NA,FN,houston,figure,experimental,test_only,FC,within_one,NA,NA,NA,NA,NA,NA,NA,NA,NA,"this is tricky - it's currently coded as proportion change, but in principle could be coded with respect to chance (data are from fig). For monolinguals, there's an effect if you look at difference, not othwerise (UK trials)"
houstonprice2010,"HoustonäóPrice, C., Caloghiris, Z., & Raviglione, E. (2010)","HoustonäóPrice, C., Caloghiris, Z., & Raviglione, E. (2010). Language experience shapes the development of the mutual exclusivity bias. Infancy, 15(2), 125-150.",yes,Molly Lewis,1,eye-tracking,looking_time_change,British English,typical,typical,monolingual,30,608.7375,105,0.08720137,0,0.02196134,NA,NA,NA,NA,NA,NA,NA,NA,6,digital,N_AFC-2,NA,NA,FN,houston,figure,experimental,test_only,FC,within_one,NA,NA,NA,NA,NA,NA,NA,NA,NA,"this is tricky - it's currently coded as proportion change, but in principle could be coded with respect to chance (data are from fig). For monolinguals, there's an effect if you look at difference, not othwerise (UK trials)"
kalashnikova2014,Kalashnikova et al. (2014),"Kalashnikova, M., Mattock, K., & Monaghan, P. (2014). Disambiguation of novel labels and referential facts: A developmental perspective. First Language, 34(2), 125-135.",yes,Molly Lewis,1,behavior,target_selection,British English,typical,typical,younger,31,1460.97,59,NA,0.5,NA,4.875,NA,NA,NA,NA,NA,NA,NA,6,objects,N_AFC-2,NA,NA,NN,monaghan,paper,experimental,test_only,FC,within_one,NA,NA,NA,NA,NA,NA,NA,NA,NA,NA
kalashnikova2014,Kalashnikova et al. (2014),"Kalashnikova, M., Mattock, K., & Monaghan, P. (2014). Disambiguation of novel labels and referential facts: A developmental perspective. First Language, 34(2), 125-135.",yes,Molly Lewis,1,behavior,target_selection,British English,typical,typical,older,20,1856.65,60,NA,0.5,NA,4.722,NA,NA,NA,NA,NA,NA,NA,6,objects,N_AFC-2,NA,NA,NN,monaghan,paper,experimental,test_only,FC,within_one,NA,NA,NA,NA,NA,NA,NA,NA,NA,NA
kalashnikova2016a,"Kalashnikova, Mattock, & Monaghan (2016)","Kalashnikova, M., Mattock, K., & Monaghan, P. (2016). Flexible use of mutual exclusivity in word learning. Language Learning and Development, 12(1), 79-91.",yes,Molly Lewis,1--2,behavior,target_selection,NA,typical,typical,NA,46,1747.474,93,0.924,0.5,0.1626375,NA,NA,NA,NA,NA,NA,NA,NA,3,digital,N_AFC-2,NA,NA,NN,monaghan,paper - some calculations,experimental,test_only,FC,within_one,NA,NA,NA,NA,NA,NA,NA,NA,NA,SD calculated from CIs; Data are combined ehre from two studies because only aggregated descriptive statistics are presented.
kalashnikova2016b,Kalashnikova et al. (2016),"Kalashnikova, M., Mattock, K. & Monaghan, P. (2016). Mutual exclusivity develops as a consequence of abstract rather than particular vocabulary knowledge. First Language. 36(5), 451-464.",yes,Alvaro Iturralde,1,eye-tracking,looking_time_change,British English,typical,typical,experimental,27,563.74,97,0.04,0,0.05419444,NA,NA,NA,NA,67,NA,2,0.74,4,digital,N_AFC-2,248.15,NA,NN,monaghan,paper - some calculations,experimental,test_only,FC,within_one,NA,NA,NA,NA,NA,NA,NA,NA,NA,SD computed from for difference
lederberg2000,Lederberg et al. (2000),"Lederberg, A. R., Prezbindowski, A. K., & Spencer, P. E. (2000). WordäóLearning Skills of Deaf Preschoolers: The Development of Novel Mapping and Rapid WordäóLearning Strategies. Child development, 71(6), 1571-1585.",yes,"Molly Lewis, Michael Frank",1,behavior,target_selection,ASL,NT,deaf/hard-of-hearing,experimental,19,1826.4,61,0.65,0.25,NA,6.37,NA,1.461378225,0.133363504,1338.48,NA,NA,NA,4,objects,N_AFC-4,295.67,176.67,FN,lederberg,paper,experimental,test_only,FC,within_one,NA,NA,NA,NA,NA,NA,NA,NA,NA,NA
lederberg2008,"Lederberg, A. R., & Spencer, P. E. (2008).","Lederberg, A. R., & Spencer, P. E. (2008). Word-learning abilities in deaf and hard-of-hearing preschoolers: Effect of lexicon size and language modality. Journal of Deaf Studies and Deaf Education, 14(1), 44-62.",yes,"Molly Lewis, Michael Frank",1,behavior,target_selection,ASL,NT,deaf/hard-of-hearing,3,20,1270,62,0.312,0.25,0.28,NA,NA,NA,NA,NA,NA,NA,NA,NA,objects,N_AFC-4,NA,166,FN,lederberg,paper/author,experimental,test_only,FC,within_one,NA,NA,NA,NA,NA,NA,NA,NA,NA,NA
lederberg2008,"Lederberg, A. R., & Spencer, P. E. (2008).","Lederberg, A. R., & Spencer, P. E. (2008). Word-learning abilities in deaf and hard-of-hearing preschoolers: Effect of lexicon size and language modality. Journal of Deaf Studies and Deaf Education, 14(1), 44-62.",yes,"Molly Lewis, Michael Frank",1,behavior,target_selection,ASL,NT,deaf/hard-of-hearing,4,37,1646,63,0.439,0.25,0.308,NA,NA,NA,NA,NA,NA,NA,NA,NA,objects,N_AFC-4,NA,232,FN,lederberg,paper/author,experimental,test_only,FC,within_one,NA,NA,NA,NA,NA,NA,NA,NA,NA,NA
lederberg2008,"Lederberg, A. R., & Spencer, P. E. (2008).","Lederberg, A. R., & Spencer, P. E. (2008). Word-learning abilities in deaf and hard-of-hearing preschoolers: Effect of lexicon size and language modality. Journal of Deaf Studies and Deaf Education, 14(1), 44-62.",yes,"Molly Lewis, Michael Frank",1,behavior,target_selection,ASL,NT,deaf/hard-of-hearing,5,26,1996,64,0.529,0.25,0.311,NA,NA,NA,NA,NA,NA,NA,NA,NA,objects,N_AFC-4,NA,257,FN,lederberg,paper/author,experimental,test_only,FC,within_one,NA,NA,NA,NA,NA,NA,NA,NA,NA,NA
lederberg2008,"Lederberg, A. R., & Spencer, P. E. (2008).","Lederberg, A. R., & Spencer, P. E. (2008). Word-learning abilities in deaf and hard-of-hearing preschoolers: Effect of lexicon size and language modality. Journal of Deaf Studies and Deaf Education, 14(1), 44-62.",yes,"Molly Lewis, Michael Frank",1,behavior,target_selection,ASL,NT,deaf/hard-of-hearing,6,8,2285,65,0.531,0.25,0.364,NA,NA,NA,NA,NA,NA,NA,NA,NA,objects,N_AFC-4,NA,312,FN,lederberg,paper/author,experimental,test_only,FC,within_one,NA,NA,NA,NA,NA,NA,NA,NA,NA,NA
lederberg2008,"Lederberg, A. R., & Spencer, P. E. (2008).","Lederberg, A. R., & Spencer, P. E. (2008). Word-learning abilities in deaf and hard-of-hearing preschoolers: Effect of lexicon size and language modality. Journal of Deaf Studies and Deaf Education, 14(1), 44-62.",yes,"Molly Lewis, Michael Frank",1,behavior,target_selection,ASL,NT,deaf/hard-of-hearing,2,7,960,78,0.107,0.25,0.134,NA,NA,NA,NA,NA,NA,NA,NA,NA,objects,N_AFC-4,NA,65,FN,lederberg,paper/author,experimental,test_only,FC,within_one,NA,NA,NA,NA,NA,NA,NA,NA,NA,note that familiar objects are asked about too
markman1988,Markman & Wachtel (1988),"Markman, E. M., & Wachtel, G. F. (1988). Children's use of mutual exclusivity to constrain the meanings of words. Cognitive psychology, 20(2), 121-157.",yes,"Molly Lewis, Michael Frank",1,behavior,target_selection,American English,typical,typical,experimental,10,1368.9,66,0.82,NA,NA,3.94,NA,1.245937398,0.238809,365.04,NA,NA,NA,6,objects,N_AFC-2,NA,NA,FN,markman,paper,experimental,test_only,FC,within_one,NA,NA,NA,NA,NA,NA,NA,NA,NA,NA
markman1988,Marman & Wachtel (1988),"Markman, E. M., & Wachtel, G. F. (1988). Children's use of mutual exclusivity to constrain the meanings of words. Cognitive psychology, 20(2), 121-157.",yes,Molly Lewis,3,behavior,target_selection,English,typical,typical,experimental,15,1308.78584,67,0.88,0.5,NA,6.81,NA,NA,NA,NA,NA,NA,NA,4,objects,N_AFC-2,NA,NA,NN,markman,paper/author,experimental,test_only,FC,within_one,NA,NA,NA,NA,NA,NA,NA,NA,NA,NA
mather2009,Mather & Plunkett (2009),"Mather, E., & Plunkett, K. (2009). Learning words over time: The role of stimulus repetition in mutual exclusivity. Infancy, 14(1), 60-76.",yes,"Molly Lewis, Michael Frank",1,eye-tracking,target_selection,British English,typical,typical,experimental,35,608.4,mather2009_young,0.5,0.5,0.184,NA,NA,0,0.057142857,30.42,NA,NA,NA,4,digital,N_AFC-2,254,77,FN,plunkett,figure,experimental,test_only,FC,within_one,NA,NA,NA,NA,NA,NA,NA,NA,NA,NA
mather2009,Mather & Plunkett (2009),"Mather, E., & Plunkett, K. (2009). Learning words over time: The role of stimulus repetition in mutual exclusivity. Infancy, 14(1), 60-76.",yes,"Molly Lewis, Michael Frank",1,eye-tracking,target_selection,British English,typical,typical,"experimental - young, repeats",35,608.4,mather2009_young,0.53,0.5,0.208,NA,NA,0.014423077,0.057144343,30.42,NA,NA,NA,4,digital,N_AFC-2,254,77,FN,plunkett,figure,experimental,test_only,FC,within_one,NA,NA,NA,NA,NA,NA,NA,NA,NA,NA
mather2009,Mather & Plunkett (2009),"Mather, E., & Plunkett, K. (2009). Learning words over time: The role of stimulus repetition in mutual exclusivity. Infancy, 14(1), 60-76.",yes,"Molly Lewis, Michael Frank",1,eye-tracking,target_selection,British English,typical,typical,"experimental - old, new",32,699.66,mather2009_old,0.51,0.5,0.199,NA,NA,0.005025126,0.062500197,30.42,NA,NA,NA,4,digital,N_AFC-2,326,222,FN,plunkett,figure,experimental,test_only,FC,within_one,NA,NA,NA,NA,NA,NA,NA,NA,NA,NA
mather2009,Mather & Plunkett (2009),"Mather, E., & Plunkett, K. (2009). Learning words over time: The role of stimulus repetition in mutual exclusivity. Infancy, 14(1), 60-76.",yes,"Molly Lewis, Michael Frank",1,eye-tracking,target_selection,British English,typical,typical,"experimental - old, repeats",32,699.66,mather2009_old,0.58,0.5,0.176,NA,NA,0.045454545,0.062516142,30.42,NA,NA,NA,4,digital,N_AFC-2,326,222,FN,plunkett,figure,experimental,test_only,FC,within_one,NA,NA,NA,NA,NA,NA,NA,NA,NA,NA
merriman1989,Merriman & Bowman (1989),"Merriman, W. E. & Bowman, L. L.(1989). The mutual exclusivity bias in children's word learning. Monographs of the society for research in child development, i-129.",yes,Molly Lewis,1,behavior,target_selection,English,typical,typical,experimental,12,730.48512,merriman1989_young,0.6042,0.5,0.27091,1.33,NA,NA,NA,NA,NA,NA,NA,4,objects,N_AFC-2,NA,NA,FN,merriman,paper/author,experimental,test_only,FC,within_one,NA,NA,NA,NA,NA,NA,NA,NA,NA,NA
merriman1989,Merriman & Bowman (1989),"Merriman, W. E. & Bowman, L. L.(1989). The mutual exclusivity bias in children's word learning. Monographs of the society for research in child development, i-129.",yes,Molly Lewis,1,behavior,target_selection,English,typical,typical,experimental,12,730.48512,merriman1989_young,0.2917,0.5,0.31683,-2.27,NA,NA,NA,NA,NA,NA,NA,4,objects,N_AFC-2,NA,NA,FN,merriman,paper/author,experimental,test_only,FC,within_one,NA,NA,NA,NA,NA,NA,NA,NA,NA,NA
merriman1989,Merriman & Bowman (1989),"Merriman, W. E. & Bowman, L. L.(1989). The mutual exclusivity bias in children's word learning. Monographs of the society for research in child development, i-129.",yes,Molly Lewis,1,behavior,target_selection,English,typical,typical,experimental,12,1095.72768,merriman1989_middle,0.7084,0.5,0.29821,2.42,NA,NA,NA,NA,NA,NA,NA,4,objects,N_AFC-2,NA,NA,FN,merriman,paper/author,experimental,test_only,FC,within_one,NA,NA,NA,NA,NA,NA,NA,NA,NA,NA
merriman1989,Merriman & Bowman (1989),"Merriman, W. E. & Bowman, L. L.(1989). The mutual exclusivity bias in children's word learning. Monographs of the society for research in child development, i-129.",yes,Molly Lewis,1,behavior,target_selection,English,typical,typical,experimental,12,1095.72768,merriman1989_middle,0.6667,0.5,0.38925,1.51,NA,NA,NA,NA,NA,NA,NA,4,objects,N_AFC-2,NA,NA,FN,merriman,paper/author,experimental,test_only,FC,within_one,NA,NA,NA,NA,NA,NA,NA,NA,NA,NA
merriman1989,Merriman & Bowman (1989),"Merriman, W. E. & Bowman, L. L.(1989). The mutual exclusivity bias in children's word learning. Monographs of the society for research in child development, i-129.",yes,Molly Lewis,1,behavior,target_selection,English,typical,typical,experimental,12,1460.97024,merriman1989_old,0.9583,0.5,0.09731,NA,NA,NA,NA,NA,NA,NA,NA,4,objects,N_AFC-2,NA,NA,FN,merriman,paper/author,experimental,test_only,FC,within_one,NA,NA,NA,NA,NA,NA,NA,NA,NA,NA
merriman1989,Merriman & Bowman (1989),"Merriman, W. E. & Bowman, L. L.(1989). The mutual exclusivity bias in children's word learning. Monographs of the society for research in child development, i-129.",yes,Molly Lewis,1,behavior,target_selection,English,typical,typical,experimental,12,1460.97024,merriman1989_old,0.9167,0.5,0.16283,NA,NA,NA,NA,NA,NA,NA,NA,4,objects,N_AFC-2,NA,NA,FN,merriman,paper/author,experimental,test_only,FC,within_one,NA,NA,NA,NA,NA,NA,NA,NA,NA,NA
merriman1989,Merriman & Bowman (1989),"Merriman, W. E. & Bowman, L. L.(1989). The mutual exclusivity bias in children's word learning. Monographs of the society for research in child development, i-129.",yes,Molly Lewis,2,behavior,target_selection,English,typical,typical,experimental,16,760.9219,68,0.5031,0.5,0.23479,NA,NA,NA,NA,NA,NA,NA,NA,6,paper,N_AFC-2,NA,NA,FN,merriman,paper/author,experimental,test_only,FC,within_one,NA,NA,NA,NA,NA,NA,NA,NA,NA,NA
merriman1989,Merriman & Bowman (1989),"Merriman, W. E. & Bowman, L. L.(1989). The mutual exclusivity bias in children's word learning. Monographs of the society for research in child development, i-129.",yes,Molly Lewis,2,behavior,target_selection,English,typical,typical,experimental,16,973.98,69,0.8489,0.5,0.15025,NA,NA,NA,NA,NA,NA,NA,NA,6,paper,N_AFC-2,NA,NA,FN,merriman,paper/author,experimental,test_only,FC,within_one,NA,NA,NA,NA,NA,NA,NA,NA,NA,NA
merriman1989,Merriman & Bowman (1989),"Merriman, W. E. & Bowman, L. L.(1989). The mutual exclusivity bias in children's word learning. Monographs of the society for research in child development, i-129.",yes,Molly Lewis,2,behavior,target_selection,English,typical,typical,experimental,16,1247.912,70,0.8971,0.5,0.14161,NA,NA,NA,NA,NA,NA,NA,NA,6,paper,N_AFC-2,NA,NA,FN,merriman,paper/author,experimental,test_only,FC,within_one,NA,NA,NA,NA,NA,NA,NA,NA,NA,NA
merriman1989,Merriman & Bowman (1989),"Merriman, W. E. & Bowman, L. L.(1989). The mutual exclusivity bias in children's word learning. Monographs of the society for research in child development, i-129.",yes,Molly Lewis,4,behavior,target_selection,English,typical,typical,experimental,18,1582.717,71,0.9815,0.5,0.07849,NA,NA,NA,NA,NA,NA,NA,NA,6,paper,N_AFC-2,NA,NA,FN,merriman,paper/author,experimental,test_only,FC,within_one,NA,NA,NA,NA,NA,NA,NA,NA,NA,NA
merriman1989,Merriman & Bowman (1989),"Merriman, W. E. & Bowman, L. L.(1989). The mutual exclusivity bias in children's word learning. Monographs of the society for research in child development, i-129.",yes,Molly Lewis,4,behavior,target_selection,English,typical,typical,experimental,18,1004.417,72,0.8059,0.5,0.23747,NA,NA,NA,NA,NA,NA,NA,NA,6,paper,N_AFC-2,NA,NA,FN,merriman,paper/author,experimental,test_only,FC,within_one,NA,NA,NA,NA,NA,NA,NA,NA,NA,NA
merriman1989,Merriman & Bowman (1989),"Merriman, W. E. & Bowman, L. L.(1989). The mutual exclusivity bias in children's word learning. Monographs of the society for research in child development, i-129.",yes,Molly Lewis,1,behavior,target_selection,English,typical,typical,experimental,12,730.48512,merriman1989_young,0.4583,0.5,0.17944,NA,NA,NA,NA,NA,NA,NA,NA,4,objects,N_AFC-2,NA,NA,NN,merriman,paper/author,experimental,test_only,FC,within_one,NA,NA,NA,NA,NA,NA,NA,NA,NA,NA
merriman1989,Merriman & Bowman (1989),"Merriman, W. E. & Bowman, L. L.(1989). The mutual exclusivity bias in children's word learning. Monographs of the society for research in child development, i-129.",yes,Molly Lewis,1,behavior,target_selection,English,typical,typical,experimental,12,730.48512,merriman1989_young,0.3369,0.5,0.1935,NA,NA,NA,NA,NA,NA,NA,NA,4,objects,N_AFC-2,NA,NA,NN,merriman,paper/author,experimental,test_only,FC,within_one,NA,NA,NA,NA,NA,NA,NA,NA,NA,NA
merriman1989,Merriman & Bowman (1989),"Merriman, W. E. & Bowman, L. L.(1989). The mutual exclusivity bias in children's word learning. Monographs of the society for research in child development, i-129.",yes,Molly Lewis,1,behavior,target_selection,English,typical,typical,experimental,12,1095.72768,merriman1989_middle,0.5625,0.5,0.21651,NA,NA,NA,NA,NA,NA,NA,NA,4,objects,N_AFC-2,NA,NA,NN,merriman,paper/author,experimental,test_only,FC,within_one,NA,NA,NA,NA,NA,NA,NA,NA,NA,NA
merriman1989,Merriman & Bowman (1989),"Merriman, W. E. & Bowman, L. L.(1989). The mutual exclusivity bias in children's word learning. Monographs of the society for research in child development, i-129.",yes,Molly Lewis,1,behavior,target_selection,English,typical,typical,experimental,12,1095.72768,merriman1989_middle,0.3125,0.5,0.32201,NA,NA,NA,NA,NA,NA,NA,NA,4,objects,N_AFC-2,NA,NA,NN,merriman,paper/author,experimental,test_only,FC,within_one,NA,NA,NA,NA,NA,NA,NA,NA,NA,NA
merriman1989,Merriman & Bowman (1989),"Merriman, W. E. & Bowman, L. L.(1989). The mutual exclusivity bias in children's word learning. Monographs of the society for research in child development, i-129.",yes,Molly Lewis,1,behavior,target_selection,English,typical,typical,experimental,12,1460.97024,merriman1989_old,0.5208,0.5,0.16714,NA,NA,NA,NA,NA,NA,NA,NA,4,objects,N_AFC-2,NA,NA,NN,merriman,paper/author,experimental,test_only,FC,within_one,NA,NA,NA,NA,NA,NA,NA,NA,NA,NA
merriman1989,Merriman & Bowman (1989),"Merriman, W. E. & Bowman, L. L.(1989). The mutual exclusivity bias in children's word learning. Monographs of the society for research in child development, i-129.",yes,Molly Lewis,1,behavior,target_selection,English,typical,typical,experimental,12,1460.97024,merriman1989_old,0.3817,0.5,0.2694,NA,NA,NA,NA,NA,NA,NA,NA,4,objects,N_AFC-2,NA,NA,NN,merriman,paper/author,experimental,test_only,FC,within_one,NA,NA,NA,NA,NA,NA,NA,NA,NA,NA
merriman1991,Merriman & Schuster (1991),"Merriman, W. E., & Schuster, J. M. (1991). Young children's disambiguation of object name reference. Child development, 62(6), 1288-1301.",yes,"Molly Lewis, Michael Frank",1,behavior,target_selection,English,typical,typical,"experimental - young, HH",16,730.5,merriman1991_young,0.6777,0.5,0.30175,2.35,NA,0.5875,0.130393066,121.68,NA,NA,NA,3,paper,N_AFC-2,NA,NA,FN,merriman,paper/author,experimental,test_only,FC,within_one,NA,NA,NA,NA,NA,NA,NA,NA,NA,NA
merriman1991,Merriman & Schuster (1991),"Merriman, W. E., & Schuster, J. M. (1991). Young children's disambiguation of object name reference. Child development, 62(6), 1288-1301.",yes,Molly Lewis,1,behavior,target_selection,English,typical,typical,"experimental - old, HH",16,1460.97,merriman1991_old,0.8963,0.5,0.20056,NA,NA,NA,NA,NA,NA,NA,NA,3,paper,N_AFC-2,NA,NA,FN,merriman,paper/author,experimental,test_only,FC,within_one,NA,NA,NA,NA,NA,NA,NA,NA,NA,NA
merriman1991,Merriman & Schuster (1991),"Merriman, W. E., & Schuster, J. M. (1991). Young children's disambiguation of object name reference. Child development, 62(6), 1288-1301.",yes,"Molly Lewis, Michael Frank",1,behavior,target_selection,English,typical,typical,"experimental - young, LH",16,730.5,merriman1991_young,0.4256,0.5,0.35998,NA,NA,NA,NA,NA,NA,NA,NA,3,paper,N_AFC-2,NA,NA,FN,merriman,paper/author,experimental,test_only,FC,within_one,NA,NA,NA,NA,NA,NA,NA,NA,NA,NA
merriman1991,Merriman & Schuster (1991),"Merriman, W. E., & Schuster, J. M. (1991). Young children's disambiguation of object name reference. Child development, 62(6), 1288-1301.",yes,Molly Lewis,1,behavior,target_selection,English,typical,typical,"experimental - old, LH",16,1460.97,merriman1991_old,0.77,0.5,0.31696,NA,NA,NA,NA,NA,NA,NA,NA,3,paper,N_AFC-2,NA,NA,FN,merriman,paper/author,experimental,test_only,FC,within_one,NA,NA,NA,NA,NA,NA,NA,NA,NA,NA
merriman1991,Merriman & Schuster (1991),"Merriman, W. E., & Schuster, J. M. (1991). Young children's disambiguation of object name reference. Child development, 62(6), 1288-1301.",yes,"Molly Lewis, Michael Frank",1,behavior,target_selection,English,typical,typical,"experimental - young, HL",16,730.5,merriman1991_young,0.5844,0.5,0.19487,NA,NA,NA,NA,NA,NA,NA,NA,3,paper,N_AFC-2,NA,NA,FN,merriman,paper/author,experimental,test_only,FC,within_one,NA,NA,NA,NA,NA,NA,NA,NA,NA,NA
merriman1991,Merriman & Schuster (1991),"Merriman, W. E., & Schuster, J. M. (1991). Young children's disambiguation of object name reference. Child development, 62(6), 1288-1301.",yes,Molly Lewis,1,behavior,target_selection,English,typical,typical,"experimental - old, HL",16,1460.97,merriman1991_old,0.6669,0.5,0.36576,NA,NA,NA,NA,NA,NA,NA,NA,3,paper,N_AFC-2,NA,NA,FN,merriman,paper/author,experimental,test_only,FC,within_one,NA,NA,NA,NA,NA,NA,NA,NA,NA,NA
merriman1991,Merriman & Schuster (1991),"Merriman, W. E., & Schuster, J. M. (1991). Young children's disambiguation of object name reference. Child development, 62(6), 1288-1301.",yes,"Molly Lewis, Michael Frank",1,behavior,target_selection,English,typical,typical,"experimental - young, LL",16,730.5,merriman1991_young,0.3751,0.5,0.37775,NA,NA,NA,NA,NA,NA,NA,NA,3,paper,N_AFC-2,NA,NA,FN,merriman,paper/author,experimental,test_only,FC,within_one,NA,NA,NA,NA,NA,NA,NA,NA,NA,NA
merriman1991,Merriman & Schuster (1991),"Merriman, W. E., & Schuster, J. M. (1991). Young children's disambiguation of object name reference. Child development, 62(6), 1288-1301.",yes,Molly Lewis,1,behavior,target_selection,English,typical,typical,"experimental - old, LL",16,1460.97,merriman1991_old,0.6669,0.5,0.32296,NA,NA,NA,NA,NA,NA,NA,NA,3,paper,N_AFC-2,NA,NA,FN,merriman,paper/author,experimental,test_only,FC,within_one,NA,NA,NA,NA,NA,NA,NA,NA,NA,NA
merriman1993,"Merriman, Marazita & Jarvis (1993)","Merriman, W. E., Marazita, J., & Jarvis, L. H. (1993). Four-Year-Oldsäó_ Disambiguation of Action and Object Word Reference. Journal of Experimental Child Psychology, 56(3), 412-430.",yes,Molly Lewis,2,behavior,target_selection,English,typical,typical,experimental,32,1491.40712,103,0.87,0.5,0.16,NA,NA,NA,NA,NA,NA,NA,NA,12,NA,N_AFC-2,NA,NA,FN,merriman,paper/author,experimental,test_only,FC,within_one,NA,NA,NA,NA,NA,NA,NA,NA,NA,this is for the trials in which no cue opposed the disambiguation effect (provided by merriman)
merriman1995,Merriman & Marazita (1995),"Merriman, W. E., & Marazita, J. M. (1995). The effect of hearing similar-sounding words on two-year-olds' disambiguation of novel noun reference. Developmental Psychology,31, 973-984.",yes,Molly Lewis,1,behavior,target_selection,NA,typical,typical,matched,16,760.9219,merriman1995_exp1,0.73,0.5,0.23,NA,NA,NA,NA,NA,NA,NA,NA,4,paper,N_AFC-2,NA,NA,FN,merriman,paper,experimental,test_only,FC,within_one,NA,NA,NA,NA,NA,NA,NA,NA,NA,"this condition is labeled ""matched"", but is not matched as in exp2 and exp3"
merriman1995,Merriman & Marazita (1995),"Merriman, W. E., & Marazita, J. M. (1995). The effect of hearing similar-sounding words on two-year-olds' disambiguation of novel noun reference. Developmental Psychology,31, 973-984.",yes,Molly Lewis,1,behavior,target_selection,NA,typical,typical,mismatched,16,760.9219,merriman1995_exp1,0.5,0.5,0.35,NA,NA,NA,NA,NA,NA,NA,NA,4,paper,N_AFC-2,NA,NA,FN,merriman,paper,experimental,test_only,FC,within_one,NA,NA,NA,NA,NA,NA,NA,NA,NA,NA
merriman1995,Merriman & Marazita (1995),"Merriman, W. E., & Marazita, J. M. (1995). The effect of hearing similar-sounding words on two-year-olds' disambiguation of novel noun reference. Developmental Psychology,31, 973-984.",yes,Molly Lewis,2,behavior,target_selection,NA,typical,typical,mismatched,16,760.9219,73,0.37,0.5,0.25,NA,NA,NA,NA,NA,NA,NA,NA,4,paper,N_AFC-2,NA,NA,FN,merriman,paper,experimental,test_only,FC,within_one,NA,NA,NA,NA,NA,NA,NA,NA,NA,NA
merriman1995,Merriman & Marazita (1995),"Merriman, W. E., & Marazita, J. M. (1995). The effect of hearing similar-sounding words on two-year-olds' disambiguation of novel noun reference. Developmental Psychology,31, 973-984.",yes,Molly Lewis,3,behavior,target_selection,NA,typical,typical,mismatched,16,821.7956,74,0.35,0.5,0.19,NA,NA,NA,NA,NA,NA,NA,NA,4,paper,N_AFC-2,NA,NA,FN,merriman,paper,experimental,test_only,FC,within_one,NA,NA,NA,NA,NA,NA,NA,NA,NA,NA
mervis1994b,"Mervis, C. B., & Bertrand, J. (1994)","Mervis, C. B., & Bertrand, J. (1994). Acquisition of the novel name-nameless category (N3C) principle. Child development, 65(6), 1646-1662.",yes,Molly Lewis,1,behavior,target_selection,English,typical,typical,experimental,32,524.1231,101,0.55,0.2,0.42,NA,NA,NA,NA,NA,NA,NA,NA,4,objects,N_AFC-5,197.5,70,FN,mervis,paper - some calculations,experimental,test_only,FC,within_one,NA,NA,NA,NA,NA,NA,NA,NA,NA,SD is estimated based on description of 2 distributions (simulated data)
mervis1995a,"Mervis, C. B., & Bertrand, J. (1995).","Mervis, C. B., & Bertrand, J. (1995). Acquisition of the novel name-nameless category (N3C) principle by young children who have Down syndrome. American Journal on Mental Retardation, 100(3), 231-243",yes,Molly Lewis,1,behavior,target_selection,NA,NT,DS,DS,22,1040.941,106,0.4209091,0.2,0.1321591,NA,NA,NA,NA,NA,NA,NA,NA,4,objects,N_AFC-5,220.4091,89.09091,FN,mervis,paper - some calculations,experimental,test_only,FC,within_one,NA,NA,NA,NA,NA,NA,NA,NA,NA,took mean across two groups
momen2002,Momen & Merriman (2002),"Momen, N., & Merriman, W. E. (2002). Two-year-olds' expectation that lexical gaps will be filled*. First Language, 22(3), 225-247.",yes,"Molly Lewis, Michael Frank",2,behavior,target_selection,American English,typical,typical,experimental,16,760.9219,107,0.8333333,0.5,0.2966667,NA,NA,NA,NA,60.84,NA,NA,NA,3,paper,N_AFC-2,NA,NA,FN,merriman,paper,experimental,test_only,FC,within_one,NA,NA,NA,NA,NA,NA,NA,NA,NA,NA
momen2002,Momen & Merriman (2002),"Momen, N., & Merriman, W. E. (2002). Two-year-olds' expectation that lexical gaps will be filled*. First Language, 22(3), 225-247.",yes,Molly Lewis,3,behavior,target_selection,NA,typical,typical,experimental,20,791.3589,108,0.78,0.5,0.29,NA,NA,NA,NA,NA,NA,NA,NA,3,paper,N_AFC-2,NA,NA,FN,merriman,paper/author,experimental,test_only,FC,within_one,NA,NA,NA,NA,NA,NA,NA,NA,NA,NA
preissler2005,Preissler & Carey (2005),"Preissler, M. A., & Carey, S. (2005). The role of inferences about referential intent in word learning: Evidence from autism. Cognition, 97(1), B13-B23.",yes,Molly Lewis,2,behavior,target_selection,English,NT,ASD,ASD (half non-verbal),20,2708.882,5,0.8186575,0.5,0.2817753,NA,NA,NA,NA,NA,NA,NA,NA,2,objects/paper,N_AFC-2,NA,NA,FN,carey,paper - some calculations,experimental,test_only,FC,within_one,NA,NA,NA,NA,NA,NA,NA,NA,NA,M and SD imputed based on raw counts (overall mean is reported by not participant-wise mean)
preissler2005,Preissler & Carey (2005),"Preissler, M. A., & Carey, S. (2005). The role of inferences about referential intent in word learning: Evidence from autism. Cognition, 97(1), B13-B23.",yes,Molly Lewis,2,behavior,target_selection,English,typical,typical,experimental,20,730.48512,113,0.79,0.5,0.2817753,NA,NA,NA,NA,NA,NA,NA,NA,2,objects/paper,N_AFC-2,NA,NA,FN,carey,paper - some calculations,experimental,test_only,FC,within_one,NA,NA,NA,NA,NA,NA,NA,NA,NA,SD imputed based on ASD group
scofield2007,Scofield & Behrend (2007),"Scofield, J., & Behrend, D. A. (2007). Two-year-olds differentially disambiguate novel words and facts. Journal of Child Language, 34(4), 875-889.",yes,Molly Lewis,1,behavior,target_selection,English,typical,typical,experimental,49,1278.34896,96,0.84,0.5,0.37,NA,NA,NA,NA,NA,NA,NA,NA,1,objects,N_AFC-2,NA,NA,NN,scofield,paper,experimental,test_only,FC,within_one,NA,NA,NA,NA,NA,NA,NA,NA,NA,sd calculated from raw data (from paper - only 1 trial)
scofield2009,Scofield & Williams (2009),"Scofield, J., & Williams, A. (2009). Do 2-year-olds disambiguate and extend words learned from video?. First Language, 29(2), 228-240.",yes,Molly Lewis,1,behavior,target_selection,NA,typical,typical,experimental,18,943.5431,109,0.56,0.5,0.416175,NA,NA,NA,NA,NA,NA,NA,NA,2,digital,N_AFC-2,NA,NA,FN,scofield,paper/author,experimental,test_only,FC,within_one,NA,NA,NA,NA,NA,NA,NA,NA,NA,NA
spiegel2011,Spiegel & Halberda (2011),"Spiegel, C., & Halberda, J. (2011). Rapid fast-mapping abilities in 2-year-olds. Journal of Experimental Child Psychology, 109(1), 132-140.",yes,"Molly Lewis, Michael Frank",1,behavior,target_selection,American English,typical,typical,experimental,72,915.6352,76,0.6,0.5,NA,2.19,NA,0.258093975,0.028009071,NA,NA,NA,NA,6,digital,N_AFC-2,NA,NA,FN,halberda,paper,experimental,test_only,FC,within_one,NA,NA,NA,NA,NA,NA,NA,NA,NA,NA
suanda2013a,Suanda & Namy (2013),"Suanda, S.H. and Namy, L.L. (2013). Young Word Learnersäó» Interpretations of Words and Symbolic Gestures Within the Context of Ambiguous Reference.Child Development. 84(1), 143-153.",yes,Alvaro Iturralde,1,behavior,target_selection,American English,typical,typical,word,16,557,77,0.63,0.5,0.23,2.9,NA,NA,NA,76,NA,6,0.406,6,objects,N_AFC-2,NA,NA,NN,namy,paper,experimental,test_only,FC,within_one,NA,NA,NA,NA,NA,NA,NA,NA,NA,NA
suanda2013b,Suanda & Namy (2013),"Suanda, S. H., & Namy, L.L. (2013). The Organization of Words and Symbolic Gestures in 18-Month-Oldsäó» Lexicons: Evidence From a Disambiguation Task. Infancy. 18(2), 276-288.",yes,Alvaro Iturralde,1,behavior,target_selection,American English,typical,typical,word,16,560,102,0.61,0.5,NA,2.92,NA,NA,NA,65,NA,11,0.5,6,objects,N_AFC-2,NA,NA,FN,namy,paper,experimental,test_only,FC,within_one,NA,NA,NA,NA,NA,NA,NA,NA,NA,SE reported as SD -> use t to calculate d; percentile CDI
white2008,White & Morgan (2008),"White, K. S., & Morgan, J. L. (2008). Sub-segmental detail in early lexical representations. Journal of Memory and Language, 59(1), 114-132.",yes,"Molly Lewis, Michael Frank",2,eye-tracking,looking_time_change,American English,typical,typical,experimental,36,577.98,90,NA,NA,NA,2.65,NA,0.382494553,0.042428657,NA,NA,NA,NA,5,digital,N_AFC-2,NA,NA,FN,morgan,paper,experimental,test_only,FC,within_one,NA,NA,NA,NA,NA,NA,NA,NA,NA,proportion increased looking to target above baseline
white2008,White & Morgan (2008),"White, K. S., & Morgan, J. L. (2008). Sub-segmental detail in early lexical representations. Journal of Memory and Language, 59(1), 114-132.",yes,"Molly Lewis, Michael Frank",3,eye-tracking,looking_time_change,American English,typical,typical,experimental,30,577.98,91,NA,NA,NA,2.64,NA,0.417420651,0.051089,NA,NA,NA,NA,3,digital,N_AFC-2,NA,NA,FN,morgan,paper,experimental,test_only,FC,within_one,NA,NA,NA,NA,NA,NA,NA,NA,NA,proportion increased looking to target above baseline
white2008,White & Morgan (2008),"White, K. S., & Morgan, J. L. (2008). Sub-segmental detail in early lexical representations. Journal of Memory and Language, 59(1), 114-132.",yes,"Molly Lewis, Michael Frank",1,eye-tracking,looking_time_change,American English,typical,typical,experimental,28,577.98,92,NA,NA,NA,4.05,NA,0.632503736,0.051219884,NA,NA,NA,NA,4,digital,N_AFC-2,NA,NA,FN,morgan,paper,experimental,test_only,FC,within_one,NA,NA,NA,NA,NA,NA,NA,NA,NA,proportion increased looking to target above baseline
williams2009,Williams (2009),"Williams, A. (2009). Language development in preschool children with autism spectrum disorders: Investigating fast-mapping abilities and utilization of word learning con-straints (Doctoral dissertation). Retrieved from ProQuestDissertations and Theses. University of Alabama, Tusca-loosa, Alabama.",no,Molly Lewis,1,behavior,target_selection,NA,typical,typical,age-matched,16,1366.616,williams2009_typical,0.828,0.5,0.198,NA,NA,NA,NA,NA,NA,NA,NA,4,objects,N_AFC-2,226.8,225.8,FN,williams,paper,experimental,test_only,FC,within_one,NA,NA,NA,NA,NA,NA,NA,NA,NA,note that typical groups are overlapping
williams2009,Williams (2009),"Williams, A. (2009). Language development in preschool children with autism spectrum disorders: Investigating fast-mapping abilities and utilization of word learning con-straints (Doctoral dissertation). Retrieved from ProQuestDissertations and Theses. University of Alabama, Tusca-loosa, Alabama.",no,Molly Lewis,1,behavior,target_selection,NA,typical,typical,language-matched,16,1028.766,williams2009_typical,0.734,0.5,0.232,NA,NA,NA,NA,NA,NA,NA,NA,4,objects,N_AFC-2,221.4,210.1,FN,williams,paper,experimental,test_only,FC,within_one,NA,NA,NA,NA,NA,NA,NA,NA,NA,note that typical groups are overlapping
williams2009,Williams (2009),"Williams, A. (2009). Language development in preschool children with autism spectrum disorders: Investigating fast-mapping abilities and utilization of word learning con-straints (Doctoral dissertation). Retrieved from ProQuestDissertations and Theses. University of Alabama, Tusca-loosa, Alabama.",no,Molly Lewis,1,behavior,target_selection,NA,NT,ASD,ASD,16,1515.756,110,0.609,0.5,0.302,NA,NA,NA,NA,NA,NA,NA,NA,4,objects,N_AFC-2,179.3,158.9,FN,williams,paper,experimental,test_only,FC,within_one,NA,NA,NA,NA,NA,NA,NA,NA,NA,NA
yow2017b,Yow et al. (2017),"Yow, W. Q., Li, X., Lam, S., Gliga, T., Chong, Y. S., Kwek, K., & Broekman, B. F. (2017). A bilingual advantage in 54äómonthäóoldsäó» use of referential cues in fast mapping. Developmental science, 20(1).",yes,Molly Lewis,1,behavior,target_selection,English/Mandarin,multilingual,bilingual,bilingual,48,1674.028,79,NA,NA,NA,NA,NA,2.19,NA,NA,NA,NA,NA,8,digital,N_AFC-2,NA,NA,NN,yow,paper,experimental,test_only,FC,within_one,NA,NA,NA,NA,NA,NA,NA,NA,NA,pointing measure (both looking and pointing reported)
yow2017b,Yow et al. (2017),"Yow, W. Q., Li, X., Lam, S., Gliga, T., Chong, Y. S., Kwek, K., & Broekman, B. F. (2017). A bilingual advantage in 54äómonthäóoldsäó» use of referential cues in fast mapping. Developmental science, 20(1).",yes,Molly Lewis,1,behavior,target_selection,English/Mandarin/X,multilingual,trilingual,trilingual,31,1674.028,80,NA,NA,NA,NA,NA,2.19,NA,NA,NA,NA,NA,8,digital,N_AFC-3,NA,NA,NN,yow,paper,experimental,test_only,FC,within_one,NA,NA,NA,NA,NA,NA,NA,NA,NA,pointing measure (both looking and pointing reported)
yow2017b,Yow et al. (2017),"Yow, W. Q., Li, X., Lam, S., Gliga, T., Chong, Y. S., Kwek, K., & Broekman, B. F. (2017). A bilingual advantage in 54äómonthäóoldsäó» use of referential cues in fast mapping. Developmental science, 20(1).",yes,Molly Lewis,1,behavior,target_selection,English,typical,typical,monolingual,28,1658.201,81,NA,NA,NA,NA,NA,1.09,NA,NA,NA,NA,NA,8,digital,N_AFC-2,NA,NA,NN,yow,paper,experimental,test_only,FC,within_one,NA,NA,NA,NA,NA,NA,NA,NA,NA,pointing measure (both looking and pointing reported)
