"SubjectID","CorrectFirstTry?","TrialType","StageType","Object","FoxAssistance","StartTime","ResponsiveStartTime","EndTime"
"Tammy","Y","FF","Pair (New)","cup","None","12-09-16 09:39:03:880 AM","12-09-16 09:39:05:485 AM","12-09-16 09:39:06:088 AM"
"Test12816","Y","FF","Pair (New)","bottle","None","12-08-16 12:35:49:345 PM","12-08-16 12:35:50:628 PM","12-08-16 12:35:51:179 PM"
"Test12816","Y","FF","Pair (New)","pretzel","None","12-08-16 12:36:01:059 PM","12-08-16 12:36:02:912 PM","12-08-16 12:36:03:480 PM"
"Test12816","N","FF","Pair (New)","cup","None","12-08-16 12:36:09:267 PM","12-08-16 12:36:10:896 PM","12-08-16 12:36:13:397 PM"
"Test12816","N","NN","Pair (New)","beaker","None","12-08-16 12:36:21:002 PM","12-08-16 12:36:22:863 PM","12-08-16 12:36:23:463 PM"
"1281604","Y","FF","Pair (New)","apple","None","08-Dec 12:19:41:631 PM","08-Dec 12:19:42:968 PM","08-Dec 12:19:44:384 PM"
"1281604","Y","FF","Pair (New)","bottle","None","08-Dec 12:20:08:403 PM","08-Dec 12:20:09:653 PM","08-Dec 12:20:12:036 PM"
"1281604","N","FF","Pair (New)","flower","None","08-Dec 12:20:17:745 PM","08-Dec 12:20:19:986 PM","08-Dec 12:20:22:475 PM"
"1281604","Y","NF","Pair (New)","tongs","None","08-Dec 12:20:29:946 PM","08-Dec 12:20:32:170 PM","08-Dec 12:20:33:520 PM"
"1281604","Y","C-NN","Pair (Repeated)","ginger","None","08-Dec 12:20:57:627 PM","08-Dec 12:20:59:071 PM","08-Dec 12:21:00:773 PM"
"1281604","Y","C-NF","Pair (Repeated)","pretzel","None","08-Dec 12:21:09:896 PM","08-Dec 12:21:11:722 PM","08-Dec 12:21:12:589 PM"
"1281604","N","NN","Pair (New)","leek","None","08-Dec 12:21:20:381 PM","08-Dec 12:21:22:089 PM","08-Dec 12:21:23:655 PM"
"1281604","Y","NF","Pair (New)","helm","None","08-Dec 12:21:47:139 PM","08-Dec 12:21:48:541 PM","08-Dec 12:21:49:575 PM"
"1281604","Y","C-NN","Pair (Repeated)","luffa","None","08-Dec 12:21:57:632 PM","08-Dec 12:21:59:158 PM","08-Dec 12:22:01:596 PM"
"1281604","Y","C-NF","Pair (Repeated)","cookie","None","08-Dec 12:22:11:071 PM","08-Dec 12:22:12:842 PM","08-Dec 12:22:15:899 PM"
"1281604","N","NN","Pair (New)","dulcimer","None","08-Dec 12:22:39:619 PM","08-Dec 12:22:41:161 PM","08-Dec 12:22:42:249 PM"
"1281604","N","NN","Pair (New)","beaker","None","08-Dec 12:22:49:761 PM","08-Dec 12:22:51:612 PM","08-Dec 12:22:52:483 PM"
"1281604","Y","NF","Pair (New)","longan","None","08-Dec 12:22:58:353 PM","08-Dec 12:22:59:945 PM","08-Dec 12:23:01:078 PM"
"1281604","Y","C-NN","Pair (Repeated)","radish","None","08-Dec 12:23:28:810 PM","08-Dec 12:23:30:814 PM","08-Dec 12:23:31:380 PM"
"1281604","Y","C-NF","Pair (Repeated)","balloon","None","08-Dec 12:23:39:542 PM","08-Dec 12:23:40:980 PM","08-Dec 12:23:41:731 PM"
"1281604","Y","C-NN","Pair (Repeated)","okra","None","08-Dec 12:23:49:193 PM","08-Dec 12:23:50:864 PM","08-Dec 12:23:51:401 PM"
"1281604","Y","NF","Pair (New)","sieve","None","08-Dec 12:24:09:366 PM","08-Dec 12:24:10:865 PM","08-Dec 12:24:12:351 PM"
"1281604","N","C-NF","Pair (Repeated)","shoe","None","08-Dec 12:24:20:990 PM","08-Dec 12:24:23:033 PM","08-Dec 12:24:24:265 PM"
"1281604","N","NN","Pair (New)","cam","None","08-Dec 12:24:32:439 PM","08-Dec 12:24:33:883 PM","08-Dec 12:24:36:037 PM"
"1281603","Y","FF","Pair (New)","balloon","None","08-Dec 12:06:04:042 PM","08-Dec 12:06:05:487 PM","08-Dec 12:06:06:521 PM"
"1281603","Y","FF","Pair (New)","flower","None","08-Dec 12:06:22:016 PM","08-Dec 12:06:24:255 PM","08-Dec 12:06:24:655 PM"
"1281603","Y","FF","Pair (New)","pretzel","None","08-Dec 12:06:33:435 PM","08-Dec 12:06:35:255 PM","08-Dec 12:06:36:006 PM"
"1281603","Y","C-NF","Pair (Repeated)","banana","None","08-Dec 12:06:45:687 PM","08-Dec 12:06:47:473 PM","08-Dec 12:06:48:508 PM"
"1281603","Y","NN","Pair (New)","beaker","None","08-Dec 12:07:01:321 PM","08-Dec 12:07:03:158 PM","08-Dec 12:07:06:014 PM"
"1281603","Y","NF","Pair (New)","helm","None","08-Dec 12:07:15:555 PM","08-Dec 12:07:16:958 PM","08-Dec 12:07:21:725 PM"
"1281603","Y","C-NN","Pair (Repeated)","chestnut","None","08-Dec 12:07:29:566 PM","08-Dec 12:07:31:042 PM","08-Dec 12:07:31:560 PM"
"1281603","Y","NN","Pair (New)","cam","None","08-Dec 12:07:57:815 PM","08-Dec 12:07:59:260 PM","08-Dec 12:08:00:611 PM"
"1281603","Y","C-NF","Pair (Repeated)","guitar","None","08-Dec 12:08:08:100 PM","08-Dec 12:08:09:495 PM","08-Dec 12:08:09:995 PM"
"1281603","Y","C-NN","Pair (Repeated)","bung","None","08-Dec 12:08:16:666 PM","08-Dec 12:08:17:844 PM","08-Dec 12:08:19:029 PM"
"1281603","Y","NF","Pair (New)","dulcimer","None","08-Dec 12:08:31:859 PM","08-Dec 12:08:33:395 PM","08-Dec 12:08:34:333 PM"
"1281603","Y","NF","Pair (New)","radish","None","08-Dec 12:08:41:751 PM","08-Dec 12:08:43:763 PM","08-Dec 12:08:44:897 PM"
"1281603","Y","C-NF","Pair (Repeated)","cup","None","08-Dec 12:08:53:072 PM","08-Dec 12:08:54:681 PM","08-Dec 12:08:55:548 PM"
"1281603","Y","NN","Pair (New)","sieve","None","08-Dec 12:09:18:516 PM","08-Dec 12:09:20:032 PM","08-Dec 12:09:21:132 PM"
"1281603","Y","C-NN","Pair (Repeated)","tongs","None","08-Dec 12:09:29:540 PM","08-Dec 12:09:31:765 PM","08-Dec 12:09:32:021 PM"
"1281603","Y","NF","Pair (New)","ginger","None","08-Dec 12:09:39:655 PM","08-Dec 12:09:41:099 PM","08-Dec 12:09:41:983 PM"
"1281603","Y","C-NF","Pair (Repeated)","bucket","None","08-Dec 12:09:53:376 PM","08-Dec 12:09:54:733 PM","08-Dec 12:09:55:384 PM"
"1281603","Y","C-NN","Pair (Repeated)","funnel","None","08-Dec 12:10:04:322 PM","08-Dec 12:10:05:968 PM","08-Dec 12:10:06:318 PM"
"1281603","Y","NN","Pair (New)","fig","None","08-Dec 12:10:15:163 PM","08-Dec 12:10:16:635 PM","08-Dec 12:10:17:685 PM"
"1281602","Y","FF","Pair (New)","cookie","None","08-Dec 11:39:18:144 AM","08-Dec 11:39:19:913 AM","08-Dec 11:39:20:497 AM"
"1281602","Y","FF","Pair (New)","ball","None","08-Dec 11:39:47:487 AM","08-Dec 11:39:48:832 AM","08-Dec 11:39:49:966 AM"
"1281602","Y","FF","Pair (New)","guitar","None","08-Dec 11:39:56:683 AM","08-Dec 11:39:58:065 AM","08-Dec 11:39:58:866 AM"
"1281602","Y","C-NN","Pair (Repeated)","cam","None","08-Dec 11:40:04:509 AM","08-Dec 11:40:05:950 AM","08-Dec 11:40:07:367 AM"
"1281602","Y","NF","Pair (New)","fig","None","08-Dec 11:40:16:780 AM","08-Dec 11:40:18:250 AM","08-Dec 11:40:19:337 AM"
"1281602","Y","C-NF","Pair (Repeated)","apple","None","08-Dec 11:40:26:551 AM","08-Dec 11:40:27:884 AM","08-Dec 11:40:29:218 AM"
"1281602","Y","NN","Pair (New)","funnel","None","08-Dec 11:40:37:046 AM","08-Dec 11:40:38:684 AM","08-Dec 11:40:40:052 AM"
"1281602","Y","C-NF","Pair (Repeated)","flower","None","08-Dec 11:41:04:430 AM","08-Dec 11:41:06:669 AM","08-Dec 11:41:07:252 AM"
"1281602","Y","NF","Pair (New)","sieve","None","08-Dec 11:41:12:687 AM","08-Dec 11:41:14:186 AM","08-Dec 11:41:15:554 AM"
"1281602","N","C-NN","Pair (Repeated)","bok-choy","None","08-Dec 11:41:24:480 AM","08-Dec 11:41:26:954 AM","08-Dec 11:41:27:672 AM"
"1281602","Y","NN","Pair (New)","helm","None","08-Dec 11:41:49:841 AM","08-Dec 11:41:51:239 AM","08-Dec 11:41:52:340 AM"
"1281602","Y","C-NF","Pair (Repeated)","bottle","None","08-Dec 11:41:59:454 AM","08-Dec 11:42:00:706 AM","08-Dec 11:42:03:190 AM"
"1281602","Y","NF","Pair (New)","kettle","None","08-Dec 11:42:10:517 AM","08-Dec 11:42:11:673 AM","08-Dec 11:42:13:891 AM"
"1281602","Y","C-NN","Pair (Repeated)","okra","None","08-Dec 11:42:36:522 AM","08-Dec 11:42:38:191 AM","08-Dec 11:42:39:158 AM"
"1281602","N","NN","Pair (New)","gourd","None","08-Dec 11:42:45:147 AM","08-Dec 11:42:46:775 AM","08-Dec 11:42:47:363 AM"
"1281602","Y","C-NF","Pair (Repeated)","bowl","None","08-Dec 11:42:53:196 AM","08-Dec 11:42:54:443 AM","08-Dec 11:42:54:843 AM"
"1281602","Y","NF","Pair (New)","disk","None","08-Dec 11:43:16:892 AM","08-Dec 11:43:18:677 AM","08-Dec 11:43:19:578 AM"
"1281602","Y","C-NN","Pair (Repeated)","tongs","None","08-Dec 11:43:26:465 AM","08-Dec 11:43:28:694 AM","08-Dec 11:43:29:229 AM"
"1281602","Y","NN","Pair (New)","pipette","None","08-Dec 11:43:35:070 AM","08-Dec 11:43:36:778 AM","08-Dec 11:43:39:306 AM"
"1281601","Y","NF","Pair (New)","radish","None","08-Dec 11:28:49:460 AM","08-Dec 11:28:51:463 AM","08-Dec 11:28:52:847 AM"
"1281601","Y","NN","Pair (New)","helm","None","08-Dec 11:29:00:573 AM","08-Dec 11:29:01:980 AM","08-Dec 11:29:03:214 AM"
"1281601","Y","C-NN","Pair (Repeated)","bok-choy","None","08-Dec 11:29:13:811 AM","08-Dec 11:29:16:281 AM","08-Dec 11:29:17:799 AM"
"1261607","Y","FF","Pair (New)","flower","None","06-Dec 15:48:37:993 PM","06-Dec 15:48:40:229 PM","06-Dec 15:48:40:546 PM"
"1261607","Y","FF","Pair (New)","spoon","None","06-Dec 15:49:07:164 PM","06-Dec 15:49:08:780 PM","06-Dec 15:49:09:008 PM"
"1261607","Y","FF","Pair (New)","pretzel","None","06-Dec 15:49:14:861 PM","06-Dec 15:49:16:681 PM","06-Dec 15:49:17:431 PM"
"1261607","N","NF","Pair (New)","whisk","None","06-Dec 15:49:24:175 PM","06-Dec 15:49:26:031 PM","06-Dec 15:49:28:643 PM"
"1261607","Y","C-NN","Pair (Repeated)","fig","None","06-Dec 15:49:51:461 PM","06-Dec 15:49:52:933 PM","06-Dec 15:49:53:801 PM"
"1261607","Y","NN","Pair (New)","gourd","None","06-Dec 15:50:01:849 PM","06-Dec 15:50:03:484 PM","06-Dec 15:50:04:417 PM"
"1261607","Y","C-NF","Pair (Repeated)","cookie","None","06-Dec 15:50:12:268 PM","06-Dec 15:50:14:034 PM","06-Dec 15:50:14:968 PM"
"1261607","Y","NF","Pair (New)","cam","None","06-Dec 15:50:41:682 PM","06-Dec 15:50:43:135 PM","06-Dec 15:50:44:169 PM"
"1261607","Y","C-NF","Pair (Repeated)","shoe","None","06-Dec 15:50:52:819 PM","06-Dec 15:50:54:853 PM","06-Dec 15:50:55:154 PM"
"1261607","N","NN","Pair (New)","pipette","None","06-Dec 15:51:01:384 PM","06-Dec 15:51:03:103 PM","06-Dec 15:51:07:559 PM"
"1261607","Y","C-NN","Pair (Repeated)","disk","None","06-Dec 15:51:20:188 PM","06-Dec 15:51:21:971 PM","06-Dec 15:51:22:246 PM"
"1261607","Y","NF","Pair (New)","tongs","None","06-Dec 15:51:29:715 PM","06-Dec 15:51:31:938 PM","06-Dec 15:51:32:723 PM"
"1261607","Y","C-NN","Pair (Repeated)","chestnut","None","06-Dec 15:51:39:105 PM","06-Dec 15:51:40:572 PM","06-Dec 15:51:41:391 PM"
"1261607","Y","C-NF","Pair (Repeated)","banana","None","06-Dec 15:52:06:268 PM","06-Dec 15:52:08:057 PM","06-Dec 15:52:09:324 PM"
"1261607","Y","NN","Pair (New)","kettle","None","06-Dec 15:52:15:490 PM","06-Dec 15:52:16:641 PM","06-Dec 15:52:18:008 PM"
"1261607","Y","C-NF","Pair (Repeated)","balloon","None","06-Dec 15:52:25:797 PM","06-Dec 15:52:27:241 PM","06-Dec 15:52:27:559 PM"
"1261607","Y","C-NN","Pair (Repeated)","bok-choy","None","06-Dec 15:52:41:486 PM","06-Dec 15:52:43:959 PM","06-Dec 15:52:44:760 PM"
"1261607","Y","NN","Pair (New)","kumquat","None","06-Dec 15:52:50:520 PM","06-Dec 15:52:52:676 PM","06-Dec 15:52:53:377 PM"
"1261607","Y","NF","Pair (New)","radish","None","06-Dec 15:53:01:259 PM","06-Dec 15:53:03:260 PM","06-Dec 15:53:03:677 PM"
"1261605","Y","FF","Pair (New)","spoon","None","06-Dec 13:23:42:669 PM","06-Dec 13:23:44:295 PM","06-Dec 13:23:45:379 PM"
"1261605","Y","FF","Pair (New)","pretzel","None","06-Dec 13:24:08:770 PM","06-Dec 13:24:10:597 PM","06-Dec 13:24:11:331 PM"
"1261605","Y","FF","Pair (New)","ball","None","06-Dec 13:24:19:581 PM","06-Dec 13:24:20:914 PM","06-Dec 13:24:22:464 PM"
"1261605","Y","C-NF","Pair (Repeated)","bowl","None","06-Dec 13:24:29:310 PM","06-Dec 13:24:30:564 PM","06-Dec 13:24:32:165 PM"
"1261605","N","C-NN","Pair (Repeated)","whisk","None","06-Dec 13:24:48:595 PM","06-Dec 13:24:50:449 PM","06-Dec 13:24:51:200 PM"
"1261605","N","NN","Pair (New)","kettle","None","06-Dec 13:24:58:195 PM","06-Dec 13:24:59:350 PM","06-Dec 13:25:01:115 PM"
"1261605","Y","NF","Pair (New)","chestnut","None","06-Dec 13:25:07:187 PM","06-Dec 13:25:08:666 PM","06-Dec 13:25:10:221 PM"
"1261605","Y","C-NF","Pair (Repeated)","bottle","None","06-Dec 13:25:26:091 PM","06-Dec 13:25:27:352 PM","06-Dec 13:25:28:072 PM"
"1261605","Y","NN","Pair (New)","okra","None","06-Dec 13:25:35:379 PM","06-Dec 13:25:37:051 PM","06-Dec 13:25:37:938 PM"
"1261605","Y","C-NN","Pair (Repeated)","longan","None","06-Dec 13:25:44:231 PM","06-Dec 13:25:45:819 PM","06-Dec 13:25:46:202 PM"
"1261605","Y","NF","Pair (New)","ginger","None","06-Dec 13:26:07:459 PM","06-Dec 13:26:08:902 PM","06-Dec 13:26:09:769 PM"
"1261605","Y","NF","Pair (New)","kumquat","None","06-Dec 13:26:16:580 PM","06-Dec 13:26:18:737 PM","06-Dec 13:26:19:640 PM"
"1261605","Y","C-NN","Pair (Repeated)","leek","None","06-Dec 13:26:26:915 PM","06-Dec 13:26:28:621 PM","06-Dec 13:26:29:407 PM"
"1261605","N","NN","Pair (New)","ladle","None","06-Dec 13:26:38:419 PM","06-Dec 13:26:40:355 PM","06-Dec 13:26:41:055 PM"
"1261605","Y","C-NF","Pair (Repeated)","flower","None","06-Dec 13:26:48:445 PM","06-Dec 13:26:50:689 PM","06-Dec 13:26:53:407 PM"
"1261605","Y","NN","Pair (New)","dulcimer","None","06-Dec 13:27:00:301 PM","06-Dec 13:27:01:839 PM","06-Dec 13:27:02:590 PM"
"1261605","Y","NF","Pair (New)","pipette","None","06-Dec 13:27:13:104 PM","06-Dec 13:27:14:824 PM","06-Dec 13:27:19:526 PM"
"1261605","Y","C-NF","Pair (Repeated)","guitar","None","06-Dec 13:27:31:634 PM","06-Dec 13:27:33:025 PM","06-Dec 13:27:34:109 PM"
"1261605","Y","C-NN","Pair (Repeated)","tongs","None","06-Dec 13:27:40:834 PM","06-Dec 13:27:43:058 PM","06-Dec 13:27:43:443 PM"
"1261604","Y","FF","Pair (New)","ball","None","06-Dec 13:12:41:491 PM","06-Dec 13:12:42:825 PM","06-Dec 13:12:43:811 PM"
"1261604","Y","FF","Pair (New)","guitar","None","06-Dec 13:13:11:720 PM","06-Dec 13:13:13:109 PM","06-Dec 13:13:14:010 PM"
"1261604","Y","FF","Pair (New)","apple","None","06-Dec 13:13:21:543 PM","06-Dec 13:13:22:877 PM","06-Dec 13:13:24:045 PM"
"1261604","N","C-NF","Pair (Repeated)","bottle","None","06-Dec 13:13:33:364 PM","06-Dec 13:13:34:611 PM","06-Dec 13:13:35:744 PM"
"1261604","Y","NF","Pair (New)","kettle","None","06-Dec 13:13:56:271 PM","06-Dec 13:13:57:429 PM","06-Dec 13:13:59:679 PM"
"1261604","Y","C-NN","Pair (Repeated)","longan","None","06-Dec 13:14:08:191 PM","06-Dec 13:14:09:779 PM","06-Dec 13:14:10:930 PM"
"1261604","N","NN","Pair (New)","disk","None","06-Dec 13:14:18:526 PM","06-Dec 13:14:20:313 PM","06-Dec 13:14:22:628 PM"
"1261604","Y","NF","Pair (New)","bok-choy","None","06-Dec 13:14:48:571 PM","06-Dec 13:14:51:048 PM","06-Dec 13:14:56:183 PM"
"1261604","Y","C-NN","Pair (Repeated)","funnel","None","06-Dec 13:15:06:982 PM","06-Dec 13:15:08:616 PM","06-Dec 13:15:10:434 PM"
"1261604","Y","C-NF","Pair (Repeated)","banana","None","06-Dec 13:15:22:062 PM","06-Dec 13:15:23:851 PM","06-Dec 13:15:24:918 PM"
"1261604","Y","NN","Pair (New)","fig","None","06-Dec 13:15:55:931 PM","06-Dec 13:15:57:402 PM","06-Dec 13:15:58:736 PM"
"1261604","Y","C-NN","Pair (Repeated)","ginger","None","06-Dec 13:16:10:715 PM","06-Dec 13:16:12:153 PM","06-Dec 13:16:13:370 PM"
"1261604","Y","C-NF","Pair (Repeated)","shoe","None","06-Dec 13:16:22:130 PM","06-Dec 13:16:24:170 PM","06-Dec 13:16:25:872 PM"
"1261604","Y","NF","Pair (New)","whisk","None","06-Dec 13:16:54:043 PM","06-Dec 13:16:55:905 PM","06-Dec 13:16:56:923 PM"
"1261604","N","NN","Pair (New)","helm","None","06-Dec 13:17:06:022 PM","06-Dec 13:17:07:440 PM","06-Dec 13:17:23:197 PM"
"1261604","Y","C-NF","Pair (Repeated)","cookie","None","06-Dec 13:17:33:726 PM","06-Dec 13:17:35:491 PM","06-Dec 13:17:36:275 PM"
"1261604","Y","C-NN","Pair (Repeated)","okra","None","06-Dec 13:18:04:147 PM","06-Dec 13:18:05:826 PM","06-Dec 13:18:06:810 PM"
"1261604","Y","NF","Pair (New)","leek","None","06-Dec 13:18:22:536 PM","06-Dec 13:18:24:244 PM","06-Dec 13:18:30:679 PM"
"1261604","N","NN","Pair (New)","sieve","None","06-Dec 13:18:36:279 PM","06-Dec 13:18:37:794 PM","06-Dec 13:18:38:452 PM"
"1261603","Y","FF","Pair (New)","cookie","None","06-Dec 13:00:09:109 PM","06-Dec 13:00:10:882 PM","06-Dec 13:00:14:083 PM"
"1261603","Y","FF","Pair (New)","shoe","None","06-Dec 13:00:38:409 PM","06-Dec 13:00:40:450 PM","06-Dec 13:00:41:318 PM"
"1261603","Y","FF","Pair (New)","bottle","None","06-Dec 13:00:49:388 PM","06-Dec 13:00:50:651 PM","06-Dec 13:00:52:368 PM"
"1261603","Y","C-NF","Pair (Repeated)","banana","None","06-Dec 13:01:02:945 PM","06-Dec 13:01:04:735 PM","06-Dec 13:01:10:453 PM"
"1261603","Y","NN","Pair (New)","sieve","None","06-Dec 13:01:32:283 PM","06-Dec 13:01:33:787 PM","06-Dec 13:01:37:299 PM"
"1261603","Y","NF","Pair (New)","helm","None","06-Dec 13:01:43:441 PM","06-Dec 13:01:44:854 PM","06-Dec 13:01:50:389 PM"
"1261603","Y","C-NN","Pair (Repeated)","funnel","None","06-Dec 13:01:57:081 PM","06-Dec 13:01:58:722 PM","06-Dec 13:01:59:641 PM"
"1261603","Y","NF","Pair (New)","bung","None","06-Dec 13:02:27:382 PM","06-Dec 13:02:28:558 PM","06-Dec 13:02:30:507 PM"
"1261603","Y","C-NN","Pair (Repeated)","gourd","None","06-Dec 13:02:42:191 PM","06-Dec 13:02:43:807 PM","06-Dec 13:02:56:191 PM"
"1261603","Y","NN","Pair (New)","leek","None","06-Dec 13:03:02:884 PM","06-Dec 13:03:04:592 PM","06-Dec 13:03:06:343 PM"
"1261603","Y","C-NF","Pair (Repeated)","bowl","None","06-Dec 13:03:22:519 PM","06-Dec 13:03:23:776 PM","06-Dec 13:03:25:960 PM"
"1261603","Y","NF","Pair (New)","bok-choy","None","06-Dec 13:03:32:133 PM","06-Dec 13:03:34:610 PM","06-Dec 13:03:35:744 PM"
"1261603","Y","C-NF","Pair (Repeated)","bucket","None","06-Dec 13:03:41:637 PM","06-Dec 13:03:42:994 PM","06-Dec 13:03:46:762 PM"
"1261603","Y","C-NN","Pair (Repeated)","tongs","None","06-Dec 13:04:15:331 PM","06-Dec 13:04:17:546 PM","06-Dec 13:04:18:397 PM"
"1261603","Y","NN","Pair (New)","longan","None","06-Dec 13:04:26:256 PM","06-Dec 13:04:27:847 PM","06-Dec 13:04:30:082 PM"
"1261603","Y","C-NN","Pair (Repeated)","kettle","None","06-Dec 13:04:37:856 PM","06-Dec 13:04:39:014 PM","06-Dec 13:04:41:364 PM"
"1261603","Y","NN","Pair (New)","ginger","None","06-Dec 13:05:03:665 PM","06-Dec 13:05:05:099 PM","06-Dec 13:05:08:089 PM"
"1261603","Y","NF","Pair (New)","luffa","None","06-Dec 13:05:16:004 PM","06-Dec 13:05:17:533 PM","06-Dec 13:05:18:801 PM"
"1261603","Y","C-NF","Pair (Repeated)","balloon","None","06-Dec 13:05:28:359 PM","06-Dec 13:05:29:800 PM","06-Dec 13:05:30:967 PM"
"Tammy","Y","FF","Pair (New)","apple","None","12-06-16 15:40:11:552 PM","12-06-16 15:40:12:941 PM","12-06-16 15:40:13:228 PM"
"1261602","Y","FF","Pair (New)","bucket","None","06-Dec 12:33:04:624 PM","06-Dec 12:33:05:977 PM","06-Dec 12:33:07:877 PM"
"1261602","N","FF","Pair (New)","bowl","None","06-Dec 12:33:29:040 PM","06-Dec 12:33:30:294 PM","06-Dec 12:33:32:033 PM"
"1261602","Y","FF","Pair (New)","cookie","None","06-Dec 12:33:39:372 PM","06-Dec 12:33:41:145 PM","06-Dec 12:33:42:263 PM"
"1261602","N","NF","Pair (New)","beaker","None","06-Dec 12:33:50:079 PM","06-Dec 12:33:51:913 PM","06-Dec 12:33:52:777 PM"
"1261602","Y","C-NF","Pair (Repeated)","guitar","None","06-Dec 12:34:14:605 PM","06-Dec 12:34:15:998 PM","06-Dec 12:34:17:134 PM"
"1261602","Y","C-NN","Pair (Repeated)","pipette","None","06-Dec 12:34:23:491 PM","06-Dec 12:34:25:198 PM","06-Dec 12:34:26:482 PM"
"1261602","N","NN","Pair (New)","helm","None","06-Dec 12:34:35:133 PM","06-Dec 12:34:36:549 PM","06-Dec 12:34:38:019 PM"
"1261602","N","NF","Pair (New)","longan","None","06-Dec 12:34:56:156 PM","06-Dec 12:34:57:754 PM","06-Dec 12:34:58:238 PM"
"1261602","N","NN","Pair (New)","funnel","None","06-Dec 12:35:05:164 PM","06-Dec 12:35:06:800 PM","06-Dec 12:35:07:417 PM"
"1261602","Y","C-NF","Pair (Repeated)","bottle","None","06-Dec 12:35:13:411 PM","06-Dec 12:35:14:667 PM","06-Dec 12:35:17:138 PM"
"1261602","Y","C-NN","Pair (Repeated)","ladle","None","06-Dec 12:35:41:446 PM","06-Dec 12:35:43:385 PM","06-Dec 12:35:43:588 PM"
"1261602","Y","C-NF","Pair (Repeated)","spoon","None","06-Dec 12:35:49:136 PM","06-Dec 12:35:50:752 PM","06-Dec 12:35:50:995 PM"
"1261602","Y","NF","Pair (New)","cam","None","06-Dec 12:36:03:495 PM","06-Dec 12:36:04:937 PM","06-Dec 12:36:07:021 PM"
"1261602","Y","C-NN","Pair (Repeated)","fig","None","06-Dec 12:36:33:886 PM","06-Dec 12:36:35:355 PM","06-Dec 12:36:35:672 PM"
"1261602","Y","NN","Pair (New)","bung","None","06-Dec 12:36:45:152 PM","06-Dec 12:36:46:322 PM","06-Dec 12:36:48:356 PM"
"1261602","N","C-NF","Pair (Repeated)","banana","None","06-Dec 12:36:58:205 PM","06-Dec 12:36:59:990 PM","06-Dec 12:37:01:524 PM"
"1261602","N","NF","Pair (New)","chestnut","None","06-Dec 12:37:21:243 PM","06-Dec 12:37:22:724 PM","06-Dec 12:37:23:215 PM"
"1261602","N","C-NN","Pair (Repeated)","disk","None","06-Dec 12:37:30:857 PM","06-Dec 12:37:32:641 PM","06-Dec 12:37:35:074 PM"
"1261602","Y","NN","Pair (New)","kumquat","None","06-Dec 12:37:50:542 PM","06-Dec 12:37:52:693 PM","06-Dec 12:37:54:579 PM"
"1261601","Y","FF","Pair (New)","guitar","None","06-Dec 12:22:30:051 PM","06-Dec 12:22:31:441 PM","06-Dec 12:22:32:358 PM"
"1261601","Y","FF","Pair (New)","banana","None","06-Dec 12:22:58:534 PM","06-Dec 12:23:00:326 PM","06-Dec 12:23:01:060 PM"
"1261601","Y","FF","Pair (New)","shoe","None","06-Dec 12:23:08:386 PM","06-Dec 12:23:10:427 PM","06-Dec 12:23:10:761 PM"
"1261601","Y","C-NF","Pair (Repeated)","spoon","None","06-Dec 12:23:17:706 PM","06-Dec 12:23:19:327 PM","06-Dec 12:23:20:062 PM"
"1261601","Y","NF","Pair (New)","fig","None","06-Dec 12:23:43:108 PM","06-Dec 12:23:44:578 PM","06-Dec 12:23:45:612 PM"
"1261601","Y","C-NN","Pair (Repeated)","gourd","None","06-Dec 12:23:51:964 PM","06-Dec 12:23:53:579 PM","06-Dec 12:23:54:413 PM"
"1261601","Y","NN","Pair (New)","okra","None","06-Dec 12:24:01:984 PM","06-Dec 12:24:03:663 PM","06-Dec 12:24:04:180 PM"
"1261601","Y","NF","Pair (New)","sieve","None","06-Dec 12:24:26:535 PM","06-Dec 12:24:28:046 PM","06-Dec 12:24:29:247 PM"
"1261601","Y","C-NF","Pair (Repeated)","flower","None","06-Dec 12:24:35:943 PM","06-Dec 12:24:38:186 PM","06-Dec 12:24:41:998 PM"
"1261601","Y","C-NN","Pair (Repeated)","helm","None","06-Dec 12:24:49:820 PM","06-Dec 12:24:51:232 PM","06-Dec 12:24:52:484 PM"
"1261601","N","NN","Pair (New)","disk","None","06-Dec 12:25:07:296 PM","06-Dec 12:25:09:083 PM","06-Dec 12:25:09:519 PM"
"1261601","Y","NN","Pair (New)","pipette","None","06-Dec 12:25:16:947 PM","06-Dec 12:25:18:667 PM","06-Dec 12:25:19:818 PM"
"1261601","Y","C-NF","Pair (Repeated)","ball","None","06-Dec 12:25:28:294 PM","06-Dec 12:25:29:635 PM","06-Dec 12:25:30:472 PM"
"1261601","Y","NF","Pair (New)","ladle","None","06-Dec 12:25:58:196 PM","06-Dec 12:26:00:136 PM","06-Dec 12:26:01:237 PM"
"1261601","Y","C-NN","Pair (Repeated)","beaker","None","06-Dec 12:26:09:825 PM","06-Dec 12:26:11:670 PM","06-Dec 12:26:12:354 PM"
"1261601","Y","C-NN","Pair (Repeated)","luffa","None","06-Dec 12:26:19:863 PM","06-Dec 12:26:21:387 PM","06-Dec 12:26:22:371 PM"
"1261601","Y","C-NF","Pair (Repeated)","cup","None","06-Dec 12:26:42:083 PM","06-Dec 12:26:43:689 PM","06-Dec 12:26:43:990 PM"
"1261601","N","NN","Pair (New)","whisk","None","06-Dec 12:26:51:305 PM","06-Dec 12:26:53:155 PM","06-Dec 12:26:53:804 PM"
"1261601","Y","NF","Pair (New)","bok-choy","None","06-Dec 12:27:01:197 PM","06-Dec 12:27:03:673 PM","06-Dec 12:27:04:107 PM"
"Tammy","Y","FF","Pair (New)","balloon","Helped","12-05-16 13:47:24:521 PM","12-05-16 13:47:25:992 PM","12-05-16 13:47:40:608 PM"
"Tammy","Y","FF","Pair (New)","shoe","None","12-05-16 13:48:02:269 PM","12-05-16 13:48:04:345 PM","12-05-16 13:48:04:577 PM"
"Tammy","N","FF","Pair (New)","cookie","None","12-05-16 13:48:15:535 PM","12-05-16 13:48:17:346 PM","12-05-16 13:48:24:230 PM"
"Tammy2","Y","FF","Pair (New)","spoon","None","12-05-16 13:48:48:621 PM","12-05-16 13:48:50:288 PM","12-05-16 13:48:50:484 PM"
"Tammy","Y","FF","Pair (New)","spoon","None","12-05-16 13:43:10:172 PM","12-05-16 13:43:11:831 PM","12-05-16 13:43:14:016 PM"
"Tammy","Y","FF","Pair (New)","shoe","None","12-05-16 13:43:37:254 PM","12-05-16 13:43:39:340 PM","12-05-16 13:43:40:158 PM"
"Tammy","Y","FF","Pair (New)","banana","None","12-05-16 13:43:46:004 PM","12-05-16 13:43:47:823 PM","12-05-16 13:43:48:391 PM"
"Tammy","Y","NF","Pair (New)","disk","None","12-05-16 13:43:54:623 PM","12-05-16 13:43:56:459 PM","12-05-16 13:44:01:027 PM"
"Tammy","Y","C-NF","Pair (Repeated)","pretzel","None","12-05-16 13:44:10:252 PM","12-05-16 13:44:12:109 PM","12-05-16 13:44:12:340 PM"
"Tammy","Y","NN","Pair (New)","kumquat","None","12-05-16 13:44:17:974 PM","12-05-16 13:44:20:162 PM","12-05-16 13:44:20:398 PM"
"Tammy","Y","C-NN","Pair (Repeated)","fig","None","12-05-16 13:44:26:152 PM","12-05-16 13:44:27:659 PM","12-05-16 13:44:28:025 PM"
"Tammy","N","C-NF","Pair (Repeated)","bottle","None","12-05-16 13:44:38:808 PM","12-05-16 13:44:40:094 PM","12-05-16 13:44:40:465 PM"
"Tammy","Y","C-NN","Pair (Repeated)","cam","None","12-05-16 13:44:47:196 PM","12-05-16 13:44:48:680 PM","12-05-16 13:44:48:912 PM"
"Tammy","Y","NF","Pair (New)","longan","None","12-05-16 13:44:57:597 PM","12-05-16 13:44:59:230 PM","12-05-16 13:45:07:014 PM"
"Tammy","Y","NN","Pair (New)","sieve","None","12-05-16 13:45:18:163 PM","12-05-16 13:45:19:701 PM","12-05-16 13:45:19:931 PM"
"Tammy","Y","NN","Pair (New)","whisk","None","12-05-16 13:45:27:680 PM","12-05-16 13:45:29:566 PM","12-05-16 13:45:29:755 PM"
"Tammy","Y","C-NN","Pair (Repeated)","leek","None","12-05-16 13:45:35:172 PM","12-05-16 13:45:36:917 PM","12-05-16 13:45:37:090 PM"
"Tammy","Y","C-NF","Pair (Repeated)","bucket","None","12-05-16 13:45:49:230 PM","12-05-16 13:45:50:617 PM","12-05-16 13:45:51:150 PM"
"Tammy","Y","NF","Pair (New)","ginger","None","12-05-16 13:45:56:040 PM","12-05-16 13:45:57:517 PM","12-05-16 13:45:57:709 PM"
"Tammy","Y","C-NF","Pair (Repeated)","bowl","None","12-05-16 13:46:03:259 PM","12-05-16 13:46:04:550 PM","12-05-16 13:46:04:852 PM"
"Tammy","Y","NF","Pair (New)","chestnut","None","12-05-16 13:46:13:390 PM","12-05-16 13:46:14:901 PM","12-05-16 13:46:15:126 PM"
"Tammy","Y","C-NN","Pair (Repeated)","kettle","None","12-05-16 13:46:19:956 PM","12-05-16 13:46:21:160 PM","12-05-16 13:46:21:552 PM"
"Tammy","N","NN","Pair (New)","beaker","None","12-05-16 13:46:26:610 PM","12-05-16 13:46:28:487 PM","12-05-16 13:46:28:769 PM"
"Ess","Y","FF","Pair (New)","bowl","Solved","12-05-16 12:21:24:277 PM","12-05-16 12:21:25:582 PM","12-05-16 12:21:47:670 PM"
"11161605","Y","FF","Pair (New)","cookie","None","16-Nov 16:02:27:571 PM","16-Nov 16:02:29:344 PM","16-Nov 16:02:30:927 PM"
"11161605","Y","FF","Pair (New)","guitar","None","16-Nov 16:02:55:330 PM","16-Nov 16:02:56:711 PM","16-Nov 16:02:57:797 PM"
"11161605","Y","FF","Pair (New)","balloon","None","16-Nov 16:03:04:362 PM","16-Nov 16:03:05:812 PM","16-Nov 16:03:07:129 PM"
"11161605","Y","C-NF","Pair (Repeated)","spoon","None","16-Nov 16:03:13:293 PM","16-Nov 16:03:14:913 PM","16-Nov 16:03:16:164 PM"
"11161605","Y","NF","Pair (New)","cam","None","16-Nov 16:03:38:457 PM","16-Nov 16:03:39:897 PM","16-Nov 16:03:40:616 PM"
"11161605","N","NN","Pair (New)","disk","None","16-Nov 16:03:50:519 PM","16-Nov 16:03:52:314 PM","16-Nov 16:03:53:403 PM"
"11161605","N","C-NN","Pair (Repeated)","kumquat","None","16-Nov 16:04:00:629 PM","16-Nov 16:04:02:782 PM","16-Nov 16:04:03:596 PM"
"11161605","N","NN","Pair (New)","chestnut","None","16-Nov 16:04:32:186 PM","16-Nov 16:04:33:667 PM","16-Nov 16:04:34:270 PM"
"11161605","N","NF","Pair (New)","funnel","None","16-Nov 16:04:42:931 PM","16-Nov 16:04:44:567 PM","16-Nov 16:04:46:031 PM"
"11161605","Y","C-NN","Pair (Repeated)","dulcimer","None","16-Nov 16:04:54:082 PM","16-Nov 16:04:55:618 PM","16-Nov 16:04:57:303 PM"
"11161605","Y","C-NF","Pair (Repeated)","flower","None","16-Nov 16:05:15:062 PM","16-Nov 16:05:17:303 PM","16-Nov 16:05:17:637 PM"
"11161605","Y","NF","Pair (New)","ladle","None","16-Nov 16:05:23:862 PM","16-Nov 16:05:25:803 PM","16-Nov 16:05:26:488 PM"
"11161605","Y","C-NN","Pair (Repeated)","leek","None","16-Nov 16:05:34:373 PM","16-Nov 16:05:36:088 PM","16-Nov 16:05:36:346 PM"
"11161605","Y","C-NF","Pair (Repeated)","pretzel","None","16-Nov 16:06:10:982 PM","16-Nov 16:06:12:806 PM","16-Nov 16:06:14:673 PM"
"11161605","Y","NN","Pair (New)","ginger","None","16-Nov 16:06:20:952 PM","16-Nov 16:06:22:390 PM","16-Nov 16:06:23:957 PM"
"11161605","Y","C-NF","Pair (Repeated)","shoe","None","16-Nov 16:06:33:635 PM","16-Nov 16:06:35:676 PM","16-Nov 16:06:35:881 PM"
"11161605","Y","C-NN","Pair (Repeated)","tongs","None","16-Nov 16:06:59:881 PM","16-Nov 16:07:02:109 PM","16-Nov 16:07:07:876 PM"
"11161605","Y","NF","Pair (New)","okra","None","16-Nov 16:07:20:390 PM","16-Nov 16:07:22:060 PM","16-Nov 16:07:25:642 PM"
"11161605","N","NN","Pair (New)","luffa","None","16-Nov 16:07:35:046 PM","16-Nov 16:07:36:561 PM","16-Nov 16:07:38:822 PM"
"11161603","Y","FF","Pair (New)","banana","None","16-Nov 15:49:16:217 PM","16-Nov 15:49:18:015 PM","16-Nov 15:49:18:984 PM"
"11161603","Y","FF","Pair (New)","ball","None","16-Nov 15:49:42:964 PM","16-Nov 15:49:44:300 PM","16-Nov 15:49:45:868 PM"
"11161603","Y","FF","Pair (New)","cup","None","16-Nov 15:49:51:762 PM","16-Nov 15:49:53:368 PM","16-Nov 15:49:54:601 PM"
"11161603","Y","C-NN","Pair (Repeated)","beaker","None","16-Nov 15:50:01:334 PM","16-Nov 15:50:03:168 PM","16-Nov 15:50:04:685 PM"
"11161603","N","NF","Pair (New)","dulcimer","None","16-Nov 15:50:23:543 PM","16-Nov 15:50:25:087 PM","16-Nov 15:50:27:324 PM"
"11161603","Y","C-NF","Pair (Repeated)","guitar","None","16-Nov 15:50:32:847 PM","16-Nov 15:50:34:236 PM","16-Nov 15:50:35:753 PM"
"11161603","N","NN","Pair (New)","bok-choy","None","16-Nov 15:50:42:734 PM","16-Nov 15:50:45:204 PM","16-Nov 15:50:46:386 PM"
"11161603","Y","C-NF","Pair (Repeated)","spoon","None","16-Nov 15:51:11:561 PM","16-Nov 15:51:13:189 PM","16-Nov 15:51:14:107 PM"
"11161603","Y","C-NN","Pair (Repeated)","sieve","None","16-Nov 15:51:22:317 PM","16-Nov 15:51:23:822 PM","16-Nov 15:51:26:757 PM"
"11161603","Y","NF","Pair (New)","bung","None","16-Nov 15:51:34:393 PM","16-Nov 15:51:35:574 PM","16-Nov 15:51:37:191 PM"
"11161603","N","NN","Pair (New)","ladle","None","16-Nov 15:51:58:074 PM","16-Nov 15:52:00:015 PM","16-Nov 15:52:01:107 PM"
"11161603","Y","NF","Pair (New)","kettle","None","16-Nov 15:52:09:976 PM","16-Nov 15:52:11:125 PM","16-Nov 15:52:12:409 PM"
"11161603","Y","C-NF","Pair (Repeated)","apple","None","16-Nov 15:52:20:386 PM","16-Nov 15:52:21:726 PM","16-Nov 15:52:22:842 PM"
"11161603","Y","C-NN","Pair (Repeated)","okra","None","16-Nov 15:52:51:828 PM","16-Nov 15:52:53:494 PM","16-Nov 15:52:53:945 PM"
"11161603","Y","NN","Pair (New)","helm","None","16-Nov 15:53:00:045 PM","16-Nov 15:53:01:444 PM","16-Nov 15:53:02:328 PM"
"11161603","Y","C-NF","Pair (Repeated)","cookie","None","16-Nov 15:53:10:497 PM","16-Nov 15:53:12:262 PM","16-Nov 15:53:12:679 PM"
"11161603","Y","NF","Pair (New)","gourd","None","16-Nov 15:53:35:340 PM","16-Nov 15:53:36:964 PM","16-Nov 15:53:39:298 PM"
"11161603","Y","C-NN","Pair (Repeated)","ginger","None","16-Nov 15:53:46:329 PM","16-Nov 15:53:47:764 PM","16-Nov 15:53:48:647 PM"
"11161603","Y","NN","Pair (New)","whisk","None","16-Nov 15:53:55:283 PM","16-Nov 15:53:57:148 PM","16-Nov 15:53:58:215 PM"
"11161602","Y","FF","Pair (New)","bottle","None","16-Nov 15:33:35:164 PM","16-Nov 15:33:36:427 PM","16-Nov 15:33:37:492 PM"
"11161602","N","FF","Pair (New)","cookie","None","16-Nov 15:33:51:886 PM","16-Nov 15:33:53:659 PM","16-Nov 15:33:57:207 PM"
"11161602","N","FF","Pair (New)","guitar","None","16-Nov 15:34:04:734 PM","16-Nov 15:34:06:126 PM","16-Nov 15:34:13:981 PM"
"11161602","N","NF","Pair (New)","radish","None","16-Nov 15:34:26:272 PM","16-Nov 15:34:28:278 PM","16-Nov 15:34:30:796 PM"
"11161602","Y","C-NN","Pair (Repeated)","okra","None","16-Nov 15:35:04:291 PM","16-Nov 15:35:05:963 PM","16-Nov 15:35:09:354 PM"
"11161602","Y","C-NF","Pair (Repeated)","shoe","None","16-Nov 15:35:15:702 PM","16-Nov 15:35:17:746 PM","16-Nov 15:35:18:497 PM"
"11161602","N","NN","Pair (New)","helm","None","16-Nov 15:35:25:132 PM","16-Nov 15:35:26:530 PM","16-Nov 15:35:27:769 PM"
"11161602","Y","C-NF","Pair (Repeated)","bucket","None","16-Nov 15:35:50:881 PM","16-Nov 15:35:52:232 PM","16-Nov 15:35:54:933 PM"
"11161602","Y","NF","Pair (New)","luffa","None","16-Nov 15:36:02:633 PM","16-Nov 15:36:04:151 PM","16-Nov 15:36:22:701 PM"
"11161602","N","C-NN","Pair (Repeated)","whisk","None","16-Nov 15:36:34:190 PM","16-Nov 15:36:36:051 PM","16-Nov 15:36:39:669 PM"
"11161602","N","NN","Pair (New)","funnel","None","16-Nov 15:37:05:380 PM","16-Nov 15:37:07:019 PM","16-Nov 15:37:16:902 PM"
"11161602","Y","NF","Pair (New)","disk","None","16-Nov 15:37:24:338 PM","16-Nov 15:37:26:120 PM","16-Nov 15:37:27:088 PM"
"11161602","Y","C-NF","Pair (Repeated)","bowl","None","16-Nov 15:37:36:830 PM","16-Nov 15:37:38:088 PM","16-Nov 15:37:38:838 PM"
"11161602","Y","C-NN","Pair (Repeated)","fig","None","16-Nov 15:38:08:482 PM","16-Nov 15:38:09:958 PM","16-Nov 15:38:13:093 PM"
"11161602","N","NN","Pair (New)","bung","None","16-Nov 15:38:21:708 PM","16-Nov 15:38:22:889 PM","16-Nov 15:38:23:359 PM"
"11161602","N","NF","Pair (New)","tongs","None","16-Nov 15:38:31:054 PM","16-Nov 15:38:33:274 PM","16-Nov 15:38:33:643 PM"
"11161602","Y","C-NF","Pair (Repeated)","spoon","None","16-Nov 15:38:57:601 PM","16-Nov 15:38:59:229 PM","16-Nov 15:38:59:726 PM"
"11161602","Y","C-NN","Pair (Repeated)","ginger","None","16-Nov 15:39:06:152 PM","16-Nov 15:39:07:593 PM","16-Nov 15:39:08:443 PM"
"11161602","N","NN","Pair (New)","sieve","None","16-Nov 15:39:16:962 PM","16-Nov 15:39:18:478 PM","16-Nov 15:39:19:108 PM"
"11161601","Y","C-NN","Pair (Repeated)","kettle","None","16-Nov 15:10:41:246 PM","16-Nov 15:10:42:397 PM","16-Nov 15:10:44:048 PM"
"11161601","Y","NN","Pair (New)","whisk","None","16-Nov 15:10:49:702 PM","16-Nov 15:10:51:565 PM","16-Nov 15:10:52:866 PM"
"11161601","Y","FF","Pair (New)","cookie","None","16-Nov 15:06:37:803 PM","16-Nov 15:06:39:584 PM","16-Nov 15:06:40:401 PM"
"11161601","Y","FF","Pair (New)","shoe","None","16-Nov 15:07:07:037 PM","16-Nov 15:07:09:085 PM","16-Nov 15:07:09:887 PM"
"11161601","Y","FF","Pair (New)","balloon","None","16-Nov 15:07:18:406 PM","16-Nov 15:07:19:836 PM","16-Nov 15:07:20:224 PM"
"11161601","N","C-NF","Pair (Repeated)","cup","None","16-Nov 15:07:26:729 PM","16-Nov 15:07:28:336 PM","16-Nov 15:07:28:702 PM"
"11161601","Y","NF","Pair (New)","beaker","None","16-Nov 15:07:49:591 PM","16-Nov 15:07:51:438 PM","16-Nov 15:07:51:806 PM"
"11161601","Y","C-NN","Pair (Repeated)","sieve","None","16-Nov 15:07:57:849 PM","16-Nov 15:07:59:355 PM","16-Nov 15:07:59:601 PM"
"11161601","Y","NN","Pair (New)","tongs","None","16-Nov 15:08:05:877 PM","16-Nov 15:08:08:105 PM","16-Nov 15:08:10:722 PM"
"11161601","Y","C-NN","Pair (Repeated)","okra","None","16-Nov 15:08:35:752 PM","16-Nov 15:08:37:423 PM","16-Nov 15:08:37:724 PM"
"11161601","N","C-NF","Pair (Repeated)","bottle","None","16-Nov 15:08:47:365 PM","16-Nov 15:08:48:624 PM","16-Nov 15:08:50:773 PM"
"11161601","Y","NF","Pair (New)","dulcimer","None","16-Nov 15:08:56:200 PM","16-Nov 15:08:57:741 PM","16-Nov 15:08:58:276 PM"
"11161601","N","NN","Pair (New)","cam","None","16-Nov 15:09:13:500 PM","16-Nov 15:09:14:942 PM","16-Nov 15:09:15:235 PM"
"11161601","N","C-NF","Pair (Repeated)","bowl","None","16-Nov 15:09:22:987 PM","16-Nov 15:09:24:244 PM","16-Nov 15:09:24:544 PM"
"11161601","Y","NF","Pair (New)","bung","None","16-Nov 15:09:31:291 PM","16-Nov 15:09:32:460 PM","16-Nov 15:09:33:211 PM"
"1191606","Y","FF","Pair (New)","cup","None","09-Nov 16:07:50:083 PM","09-Nov 16:07:51:687 PM","09-Nov 16:07:52:687 PM"
"1191606","Y","FF","Pair (New)","banana","None","09-Nov 16:08:20:483 PM","09-Nov 16:08:22:272 PM","09-Nov 16:08:23:339 PM"
"1191606","Y","FF","Pair (New)","ball","None","09-Nov 16:08:31:436 PM","09-Nov 16:08:32:772 PM","09-Nov 16:08:33:740 PM"
"1191605","Y","FF","Pair (New)","guitar","None","09-Nov 15:58:05:955 PM","09-Nov 15:58:07:338 PM","09-Nov 15:58:08:138 PM"
"1191605","Y","FF","Pair (New)","bowl","None","09-Nov 15:58:31:964 PM","09-Nov 15:58:33:222 PM","09-Nov 15:58:34:123 PM"
"1191605","Y","FF","Pair (New)","cookie","None","09-Nov 15:58:42:670 PM","09-Nov 15:58:44:439 PM","09-Nov 15:58:44:907 PM"
"1191605","Y","NN","Pair (New)","ginger","None","09-Nov 15:58:53:007 PM","09-Nov 15:58:54:440 PM","09-Nov 15:58:54:957 PM"
"1191605","Y","C-NF","Pair (Repeated)","banana","None","09-Nov 15:59:14:873 PM","09-Nov 15:59:16:658 PM","09-Nov 15:59:17:674 PM"
"1191605","N","NF","Pair (New)","funnel","None","09-Nov 15:59:24:637 PM","09-Nov 15:59:26:275 PM","09-Nov 15:59:26:858 PM"
"1191605","Y","C-NN","Pair (Repeated)","cam","None","09-Nov 15:59:34:100 PM","09-Nov 15:59:35:542 PM","09-Nov 15:59:35:960 PM"
"1191605","Y","C-NF","Pair (Repeated)","flower","None","09-Nov 16:00:00:376 PM","09-Nov 16:00:02:610 PM","09-Nov 16:00:05:195 PM"
"1191605","Y","C-NN","Pair (Repeated)","tongs","None","09-Nov 16:00:13:321 PM","09-Nov 16:00:15:544 PM","09-Nov 16:00:16:228 PM"
"1191605","Y","NN","Pair (New)","whisk","None","09-Nov 16:00:21:894 PM","09-Nov 16:00:23:748 PM","09-Nov 16:00:25:112 PM"
"1191605","Y","NF","Pair (New)","helm","None","09-Nov 16:00:47:716 PM","09-Nov 16:00:49:130 PM","09-Nov 16:00:49:785 PM"
"1191605","N","C-NF","Pair (Repeated)","bucket","None","09-Nov 16:00:56:065 PM","09-Nov 16:00:57:413 PM","09-Nov 16:00:57:735 PM"
"1191605","Y","NN","Pair (New)","dulcimer","None","09-Nov 16:01:03:890 PM","09-Nov 16:01:05:430 PM","09-Nov 16:01:05:782 PM"
"1191605","Y","NF","Pair (New)","kettle","None","09-Nov 16:01:31:346 PM","09-Nov 16:01:32:498 PM","09-Nov 16:01:33:149 PM"
"1191605","N","C-NN","Pair (Repeated)","radish","None","09-Nov 16:01:39:332 PM","09-Nov 16:01:41:334 PM","09-Nov 16:01:41:604 PM"
"1191605","Y","C-NF","Pair (Repeated)","ball","None","09-Nov 16:01:48:185 PM","09-Nov 16:01:49:516 PM","09-Nov 16:01:49:850 PM"
"1191605","Y","NN","Pair (New)","kumquat","None","09-Nov 16:02:12:944 PM","09-Nov 16:02:15:101 PM","09-Nov 16:02:16:452 PM"
"1191605","Y","NF","Pair (New)","ladle","None","09-Nov 16:02:22:413 PM","09-Nov 16:02:24:352 PM","09-Nov 16:02:24:719 PM"
"1191605","Y","C-NN","Pair (Repeated)","beaker","None","09-Nov 16:02:31:646 PM","09-Nov 16:02:33:485 PM","09-Nov 16:02:34:119 PM"
"1191604","Y","FF","Pair (New)","flower","None","09-Nov 15:32:33:313 PM","09-Nov 15:32:35:552 PM","09-Nov 15:32:36:052 PM"
"1191604","Y","FF","Pair (New)","balloon","None","09-Nov 15:32:51:708 PM","09-Nov 15:32:53:157 PM","09-Nov 15:32:54:254 PM"
"1191604","Y","FF","Pair (New)","banana","None","09-Nov 15:32:59:776 PM","09-Nov 15:33:01:570 PM","09-Nov 15:33:02:204 PM"
"1191604","Y","NF","Pair (New)","tongs","None","09-Nov 15:33:09:566 PM","09-Nov 15:33:11:788 PM","09-Nov 15:33:13:505 PM"
"1191604","N","C-NN","Pair (Repeated)","sieve","None","09-Nov 15:33:34:802 PM","09-Nov 15:33:36:306 PM","09-Nov 15:33:38:527 PM"
"1191604","Y","NN","Pair (New)","kumquat","None","09-Nov 15:33:45:950 PM","09-Nov 15:33:48:106 PM","09-Nov 15:33:49:357 PM"
"1191604","Y","C-NF","Pair (Repeated)","bottle","None","09-Nov 15:33:55:258 PM","09-Nov 15:33:56:507 PM","09-Nov 15:33:57:625 PM"
"1191604","Y","C-NF","Pair (Repeated)","bowl","None","09-Nov 15:34:20:522 PM","09-Nov 15:34:21:777 PM","09-Nov 15:34:22:276 PM"
"1191604","Y","NN","Pair (New)","dulcimer","None","09-Nov 15:34:33:650 PM","09-Nov 15:34:35:192 PM","09-Nov 15:34:41:193 PM"
"1191604","Y","NF","Pair (New)","funnel","None","09-Nov 15:34:51:322 PM","09-Nov 15:34:52:961 PM","09-Nov 15:34:56:863 PM"
"1191604","Y","C-NN","Pair (Repeated)","helm","None","09-Nov 15:35:09:153 PM","09-Nov 15:35:10:562 PM","09-Nov 15:35:11:612 PM"
"1191604","Y","C-NF","Pair (Repeated)","spoon","None","09-Nov 15:35:22:082 PM","09-Nov 15:35:23:712 PM","09-Nov 15:35:24:179 PM"
"1191604","Y","NF","Pair (New)","chestnut","None","09-Nov 15:35:32:346 PM","09-Nov 15:35:33:829 PM","09-Nov 15:35:35:495 PM"
"1191604","Y","C-NN","Pair (Repeated)","bok-choy","None","09-Nov 15:35:58:332 PM","09-Nov 15:36:00:797 PM","09-Nov 15:36:01:748 PM"
"1191604","Y","NN","Pair (New)","pipette","None","09-Nov 15:36:08:269 PM","09-Nov 15:36:09:982 PM","09-Nov 15:36:10:849 PM"
"1191604","Y","C-NN","Pair (Repeated)","beaker","None","09-Nov 15:36:16:625 PM","09-Nov 15:36:18:465 PM","09-Nov 15:36:19:966 PM"
"1191604","Y","NF","Pair (New)","fig","None","09-Nov 15:36:43:628 PM","09-Nov 15:36:45:100 PM","09-Nov 15:36:51:701 PM"
"1191604","Y","NN","Pair (New)","leek","None","09-Nov 15:37:00:156 PM","09-Nov 15:37:01:868 PM","09-Nov 15:37:02:518 PM"
"1191604","Y","C-NF","Pair (Repeated)","shoe","None","09-Nov 15:37:11:880 PM","09-Nov 15:37:13:922 PM","09-Nov 15:37:15:385 PM"
"1191603","Y","FF","Pair (New)","bottle","None","09-Nov 15:18:12:022 PM","09-Nov 15:18:13:288 PM","09-Nov 15:18:21:089 PM"
"1191603","Y","FF","Pair (New)","banana","None","09-Nov 15:18:51:812 PM","09-Nov 15:18:53:606 PM","09-Nov 15:18:54:326 PM"
"1191603","N","FF","Pair (New)","cup","None","09-Nov 15:19:03:180 PM","09-Nov 15:19:04:790 PM","09-Nov 15:19:08:366 PM"
"1191603","Y","NF","Pair (New)","helm","None","09-Nov 15:19:15:127 PM","09-Nov 15:19:16:540 PM","09-Nov 15:19:17:923 PM"
"1191603","N","C-NF","Pair (Repeated)","flower","None","09-Nov 15:19:44:502 PM","09-Nov 15:19:46:742 PM","09-Nov 15:19:48:011 PM"
"1191603","N","C-NN","Pair (Repeated)","bung","None","09-Nov 15:19:57:436 PM","09-Nov 15:19:58:609 PM","09-Nov 15:20:00:813 PM"
"1191603","Y","NN","Pair (New)","kettle","None","09-Nov 15:20:10:288 PM","09-Nov 15:20:11:444 PM","09-Nov 15:20:15:215 PM"
"1191603","N","C-NF","Pair (Repeated)","pretzel","None","09-Nov 15:20:44:475 PM","09-Nov 15:20:46:296 PM","09-Nov 15:20:46:879 PM"
"1191603","N","NN","Pair (New)","okra","None","09-Nov 15:20:56:399 PM","09-Nov 15:20:58:079 PM","09-Nov 15:20:58:781 PM"
"1191603","Y","NF","Pair (New)","pipette","None","09-Nov 15:21:06:300 PM","09-Nov 15:21:08:014 PM","09-Nov 15:21:08:731 PM"
"1191603","N","C-NN","Pair (Repeated)","kumquat","None","09-Nov 15:21:31:426 PM","09-Nov 15:21:33:582 PM","09-Nov 15:21:33:873 PM"
"1191603","Y","NN","Pair (New)","longan","None","09-Nov 15:21:47:058 PM","09-Nov 15:21:48:650 PM","09-Nov 15:21:49:316 PM"
"1191603","Y","C-NF","Pair (Repeated)","cookie","None","09-Nov 15:21:59:678 PM","09-Nov 15:22:01:450 PM","09-Nov 15:22:01:951 PM"
"1191603","Y","NF","Pair (New)","leek","None","09-Nov 15:22:30:896 PM","09-Nov 15:22:32:602 PM","09-Nov 15:22:33:253 PM"
"1191603","N","C-NN","Pair (Repeated)","cam","None","09-Nov 15:22:40:147 PM","09-Nov 15:22:41:585 PM","09-Nov 15:22:43:291 PM"
"1191603","Y","C-NF","Pair (Repeated)","guitar","None","09-Nov 15:22:50:871 PM","09-Nov 15:22:52:253 PM","09-Nov 15:22:53:454 PM"
"1191603","Y","C-NN","Pair (Repeated)","disk","None","09-Nov 15:23:10:717 PM","09-Nov 15:23:12:504 PM","09-Nov 15:23:13:222 PM"
"1191603","Y","NF","Pair (New)","dulcimer","None","09-Nov 15:23:20:838 PM","09-Nov 15:23:22:371 PM","09-Nov 15:23:24:723 PM"
"1191603","Y","NN","Pair (New)","sieve","None","09-Nov 15:23:31:673 PM","09-Nov 15:23:33:172 PM","09-Nov 15:23:35:072 PM"
"1191602","Y","FF","Pair (New)","spoon","None","09-Nov 15:10:30:085 PM","09-Nov 15:10:31:711 PM","09-Nov 15:10:31:997 PM"
"1191602","Y","FF","Pair (New)","pretzel","None","09-Nov 15:10:55:639 PM","09-Nov 15:10:57:462 PM","09-Nov 15:10:58:129 PM"
"1191602","Y","FF","Pair (New)","flower","None","09-Nov 15:11:04:606 PM","09-Nov 15:11:06:846 PM","09-Nov 15:11:09:364 PM"
"1191602","Y","C-NF","Pair (Repeated)","balloon","None","09-Nov 15:11:15:884 PM","09-Nov 15:11:17:331 PM","09-Nov 15:11:18:214 PM"
"1191602","Y","NF","Pair (New)","ladle","None","09-Nov 15:11:40:966 PM","09-Nov 15:11:42:915 PM","09-Nov 15:11:43:532 PM"
"1191602","Y","NN","Pair (New)","tongs","None","09-Nov 15:11:51:057 PM","09-Nov 15:11:53:283 PM","09-Nov 15:11:54:067 PM"
"1191602","Y","C-NN","Pair (Repeated)","cam","None","09-Nov 15:12:00:716 PM","09-Nov 15:12:02:149 PM","09-Nov 15:12:03:034 PM"
"1191602","Y","C-NF","Pair (Repeated)","guitar","None","09-Nov 15:12:31:343 PM","09-Nov 15:12:32:735 PM","09-Nov 15:12:33:502 PM"
"1191602","Y","C-NN","Pair (Repeated)","kettle","None","09-Nov 15:12:41:130 PM","09-Nov 15:12:42:285 PM","09-Nov 15:12:42:802 PM"
"1191602","Y","NF","Pair (New)","fig","None","09-Nov 15:12:49:016 PM","09-Nov 15:12:50:486 PM","09-Nov 15:12:51:837 PM"
"1191602","Y","NN","Pair (New)","sieve","None","09-Nov 15:13:14:987 PM","09-Nov 15:13:16:487 PM","09-Nov 15:13:17:271 PM"
"1191602","Y","NF","Pair (New)","chestnut","None","09-Nov 15:13:23:591 PM","09-Nov 15:13:25:071 PM","09-Nov 15:13:25:855 PM"
"1191602","Y","C-NF","Pair (Repeated)","apple","None","09-Nov 15:13:32:381 PM","09-Nov 15:13:33:721 PM","09-Nov 15:13:34:389 PM"
"1191602","Y","NN","Pair (New)","longan","None","09-Nov 15:13:59:019 PM","09-Nov 15:14:00:606 PM","09-Nov 15:14:01:174 PM"
"1191602","Y","C-NN","Pair (Repeated)","gourd","None","09-Nov 15:14:07:906 PM","09-Nov 15:14:09:523 PM","09-Nov 15:14:10:024 PM"
"1191602","Y","C-NF","Pair (Repeated)","bowl","None","09-Nov 15:14:16:407 PM","09-Nov 15:14:17:658 PM","09-Nov 15:14:18:158 PM"
"1191602","Y","C-NN","Pair (Repeated)","pipette","None","09-Nov 15:14:40:881 PM","09-Nov 15:14:42:592 PM","09-Nov 15:14:42:832 PM"
"1191602","N","NN","Pair (New)","bung","None","09-Nov 15:14:48:970 PM","09-Nov 15:14:50:142 PM","09-Nov 15:14:50:432 PM"
"1191602","Y","NF","Pair (New)","bok-choy","None","09-Nov 15:14:57:154 PM","09-Nov 15:14:59:626 PM","09-Nov 15:15:00:576 PM"
"1191601","N","FF","Pair (New)","balloon","None","09-Nov 14:43:07:963 PM","09-Nov 14:43:09:397 PM","09-Nov 14:43:12:607 PM"
"1191601","N","FF","Pair (New)","pretzel","None","09-Nov 14:43:37:919 PM","09-Nov 14:43:39:751 PM","09-Nov 14:43:41:185 PM"
"1191601","Y","FF","Pair (New)","shoe","None","09-Nov 14:43:46:852 PM","09-Nov 14:43:48:882 PM","09-Nov 14:43:49:966 PM"
"1191601","Y","NN","Pair (New)","helm","None","09-Nov 14:43:54:041 PM","09-Nov 14:43:55:449 PM","09-Nov 14:43:55:680 PM"
"1191601","Y","NF","Pair (New)","chestnut","None","09-Nov 14:44:18:532 PM","09-Nov 14:44:20:001 PM","09-Nov 14:44:20:604 PM"
"1191601","N","C-NF","Pair (Repeated)","bottle","None","09-Nov 14:44:25:022 PM","09-Nov 14:44:26:284 PM","09-Nov 14:44:27:452 PM"
"1191601","Y","C-NN","Pair (Repeated)","disk","None","09-Nov 14:44:34:897 PM","09-Nov 14:44:36:686 PM","09-Nov 14:44:37:573 PM"
"1191601","N","C-NF","Pair (Repeated)","spoon","None","09-Nov 14:44:59:267 PM","09-Nov 14:45:00:886 PM","09-Nov 14:45:02:053 PM"
"1191601","Y","NF","Pair (New)","longan","None","09-Nov 14:45:09:055 PM","09-Nov 14:45:10:637 PM","09-Nov 14:45:11:924 PM"
"1191601","N","C-NN","Pair (Repeated)","tongs","None","09-Nov 14:45:18:123 PM","09-Nov 14:45:20:354 PM","09-Nov 14:45:20:788 PM"
"1191601","Y","NN","Pair (New)","okra","None","09-Nov 14:45:42:772 PM","09-Nov 14:45:44:457 PM","09-Nov 14:45:44:790 PM"
"1191601","Y","C-NN","Pair (Repeated)","bung","None","09-Nov 14:45:50:600 PM","09-Nov 14:45:51:772 PM","09-Nov 14:45:52:557 PM"
"1191601","N","NF","Pair (New)","radish","None","09-Nov 14:45:58:903 PM","09-Nov 14:46:00:906 PM","09-Nov 14:46:01:310 PM"
"1191601","N","NN","Pair (New)","sieve","None","09-Nov 14:46:22:099 PM","09-Nov 14:46:23:608 PM","09-Nov 14:46:23:950 PM"
"1191601","Y","C-NF","Pair (Repeated)","bowl","None","09-Nov 14:46:29:995 PM","09-Nov 14:46:31:241 PM","09-Nov 14:46:32:175 PM"
"1191601","N","C-NF","Pair (Repeated)","ball","None","09-Nov 14:46:37:671 PM","09-Nov 14:46:39:008 PM","09-Nov 14:46:40:343 PM"
"1191601","Y","NF","Pair (New)","kettle","None","09-Nov 14:47:01:680 PM","09-Nov 14:47:02:826 PM","09-Nov 14:47:04:229 PM"
"1191601","Y","NN","Pair (New)","pipette","None","09-Nov 14:47:12:061 PM","09-Nov 14:47:13:777 PM","09-Nov 14:47:14:001 PM"
"1191601","N","C-NN","Pair (Repeated)","cam","None","09-Nov 14:47:19:933 PM","09-Nov 14:47:21:377 PM","09-Nov 14:47:21:948 PM"
